gpu,variant,dtype,head_dim,implementation,repeats,median_us,min_us,max_us
NVIDIA H200,w2_tc2_v0,bf16,64,baseline,3,84.367,84.3555,84.4682
NVIDIA H200,w2_tc2_v0,bf16,64,fused_opt_int4,3,84.3238,84.297,84.4403
NVIDIA H200,w2_tc2_v0,bf16,64,fused_tc_fast_int4,3,28.4822,28.4317,28.566100000000002
NVIDIA H200,w2_tc2_v0,bf16,64,fused_tc_split_int4,3,34.0483,33.986200000000004,34.0547
NVIDIA H200,w2_tc2_v0,bf16,64,fused_warp_int4,3,44.935,44.839999999999996,44.9654
NVIDIA H200,w2_tc2_v0,bf16,64,optimized,3,24.9974,24.9616,25.0301
NVIDIA H200,w2_tc2_v0,bf16,64,tc_fast,3,28.2624,28.2195,28.373800000000003
NVIDIA H200,w2_tc2_v0,bf16,64,tc_split,3,33.7459,33.7389,33.832300000000004
NVIDIA H200,w2_tc2_v0,bf16,64,unfused_int4,3,126.15499999999999,126.06800000000001,126.167
NVIDIA H200,w2_tc2_v0,bf16,64,warp,3,44.5734,44.5366,44.6224
NVIDIA H200,w2_tc2_v0,bf16,128,baseline,3,100.34800000000001,100.191,100.355
NVIDIA H200,w2_tc2_v0,bf16,128,fused_opt_int4,3,84.8806,84.8781,84.9715
NVIDIA H200,w2_tc2_v0,bf16,128,fused_tc_fast_int4,3,51.2659,51.1811,51.317099999999996
NVIDIA H200,w2_tc2_v0,bf16,128,fused_tc_split_int4,3,62.2915,62.290600000000005,62.3994
NVIDIA H200,w2_tc2_v0,bf16,128,fused_warp_int4,3,45.1952,45.059200000000004,45.2768
NVIDIA H200,w2_tc2_v0,bf16,128,optimized,3,45.3366,45.2832,45.432599999999994
NVIDIA H200,w2_tc2_v0,bf16,128,tc_fast,3,50.9946,50.983399999999996,51.1203
NVIDIA H200,w2_tc2_v0,bf16,128,tc_split,3,62.017,61.928999999999995,62.1571
NVIDIA H200,w2_tc2_v0,bf16,128,unfused_int4,3,126.7,126.62799999999999,127.087
NVIDIA H200,w2_tc2_v0,bf16,128,warp,3,44.7853,44.769000000000005,44.8979
NVIDIA H200,w2_tc2_v0,bf16,256,baseline,3,197.917,197.833,198.017
NVIDIA H200,w2_tc2_v0,bf16,256,fused_opt_int4,3,98.9549,98.9206,99.05890000000001
NVIDIA H200,w2_tc2_v0,bf16,256,fused_tc_fast_int4,3,96.6941,96.6278,96.8541
NVIDIA H200,w2_tc2_v0,bf16,256,fused_tc_split_int4,3,119.092,118.852,119.25099999999999
NVIDIA H200,w2_tc2_v0,bf16,256,fused_warp_int4,3,52.3293,52.293800000000005,52.384600000000006
NVIDIA H200,w2_tc2_v0,bf16,256,optimized,3,85.3408,85.2115,85.3411
NVIDIA H200,w2_tc2_v0,bf16,256,tc_fast,3,95.98429999999999,95.9504,96.081
NVIDIA H200,w2_tc2_v0,bf16,256,tc_split,3,117.827,117.82,117.953
NVIDIA H200,w2_tc2_v0,bf16,256,unfused_int4,3,127.724,127.65199999999999,128.00300000000001
NVIDIA H200,w2_tc2_v0,bf16,256,warp,3,45.6134,45.4768,45.6374
NVIDIA H200,w2_tc2_v0,bf16,512,baseline,3,413.202,413.164,413.272
NVIDIA H200,w2_tc2_v0,bf16,512,fused_opt_int4,3,209.784,209.694,209.888
NVIDIA H200,w2_tc2_v0,bf16,512,fused_warp_int4,3,85.3616,85.0016,85.42909999999999
NVIDIA H200,w2_tc2_v0,bf16,512,optimized,3,162.899,162.78400000000002,162.981
NVIDIA H200,w2_tc2_v0,bf16,512,tc_fast,3,171.953,171.883,171.964
NVIDIA H200,w2_tc2_v0,bf16,512,tc_split,3,217.68,217.651,217.689
NVIDIA H200,w2_tc2_v0,bf16,512,unfused_int4,3,212.405,212.326,212.54700000000003
NVIDIA H200,w2_tc2_v0,bf16,512,warp,3,72.9085,72.6733,73.0243
NVIDIA H200,w2_tc2_v0,bf16,1024,baseline,3,916.91,916.126,916.9150000000001
NVIDIA H200,w2_tc2_v0,bf16,1024,fused_opt_int4,3,468.647,468.51599999999996,468.75
NVIDIA H200,w2_tc2_v0,bf16,1024,fused_warp_int4,3,174.28199999999998,174.28099999999998,174.29500000000002
NVIDIA H200,w2_tc2_v0,bf16,1024,optimized,3,365.159,365.06699999999995,365.21700000000004
NVIDIA H200,w2_tc2_v0,bf16,1024,tc_fast,3,317.173,316.946,317.26
NVIDIA H200,w2_tc2_v0,bf16,1024,tc_split,3,409.721,409.503,409.926
NVIDIA H200,w2_tc2_v0,bf16,1024,unfused_int4,3,468.689,468.4,468.9
NVIDIA H200,w2_tc2_v0,bf16,1024,warp,3,170.00799999999998,169.91400000000002,170.142
NVIDIA H200,w2_tc2_v0,fp16,64,baseline,3,84.3827,84.3501,84.38850000000001
NVIDIA H200,w2_tc2_v0,fp16,64,fused_opt_int4,3,84.38239999999999,84.2854,84.43299999999999
NVIDIA H200,w2_tc2_v0,fp16,64,fused_tc_fast_int4,3,27.3056,27.2851,27.3235
NVIDIA H200,w2_tc2_v0,fp16,64,fused_tc_split_int4,3,32.3411,32.2944,32.372499999999995
NVIDIA H200,w2_tc2_v0,fp16,64,fused_warp_int4,3,44.9318,44.8806,44.9581
NVIDIA H200,w2_tc2_v0,fp16,64,optimized,3,25.0304,24.9968,25.0883
NVIDIA H200,w2_tc2_v0,fp16,64,tc_fast,3,27.144000000000002,27.1315,27.168000000000003
NVIDIA H200,w2_tc2_v0,fp16,64,tc_split,3,32.156200000000005,32.1398,32.1674
NVIDIA H200,w2_tc2_v0,fp16,64,unfused_int4,3,126.11500000000001,126.112,126.24199999999999
NVIDIA H200,w2_tc2_v0,fp16,64,warp,3,44.622099999999996,44.6029,44.76
NVIDIA H200,w2_tc2_v0,fp16,128,baseline,3,100.319,100.273,100.385
NVIDIA H200,w2_tc2_v0,fp16,128,fused_opt_int4,3,84.8787,84.8381,84.94019999999999
NVIDIA H200,w2_tc2_v0,fp16,128,fused_tc_fast_int4,3,48.943,48.9152,49.007000000000005
NVIDIA H200,w2_tc2_v0,fp16,128,fused_tc_split_int4,3,58.8496,58.7709,59.04
NVIDIA H200,w2_tc2_v0,fp16,128,fused_warp_int4,3,45.1242,45.1216,45.2701
NVIDIA H200,w2_tc2_v0,fp16,128,optimized,3,45.3462,45.2541,45.425599999999996
NVIDIA H200,w2_tc2_v0,fp16,128,tc_fast,3,48.865,48.7709,48.903
NVIDIA H200,w2_tc2_v0,fp16,128,tc_split,3,58.8877,58.8006,58.997800000000005
NVIDIA H200,w2_tc2_v0,fp16,128,unfused_int4,3,126.69,126.59599999999999,126.907
NVIDIA H200,w2_tc2_v0,fp16,128,warp,3,44.860200000000006,44.8125,44.8842
NVIDIA H200,w2_tc2_v0,fp16,256,baseline,3,198.077,198.031,198.189
NVIDIA H200,w2_tc2_v0,fp16,256,fused_opt_int4,3,98.3677,98.2314,98.416
NVIDIA H200,w2_tc2_v0,fp16,256,fused_tc_fast_int4,3,92.2205,92.1952,92.3635
NVIDIA H200,w2_tc2_v0,fp16,256,fused_tc_split_int4,3,112.368,112.259,112.551
NVIDIA H200,w2_tc2_v0,fp16,256,fused_warp_int4,3,51.5392,51.4685,51.6186
NVIDIA H200,w2_tc2_v0,fp16,256,optimized,3,85.2752,85.24220000000001,85.3226
NVIDIA H200,w2_tc2_v0,fp16,256,tc_fast,3,91.8016,91.7229,91.8813
NVIDIA H200,w2_tc2_v0,fp16,256,tc_split,3,111.748,111.634,111.837
NVIDIA H200,w2_tc2_v0,fp16,256,unfused_int4,3,127.86200000000001,127.84799999999998,127.87299999999999
NVIDIA H200,w2_tc2_v0,fp16,256,warp,3,45.647,45.591,45.6499
NVIDIA H200,w2_tc2_v0,fp16,512,baseline,3,413.127,413.04400000000004,413.565
NVIDIA H200,w2_tc2_v0,fp16,512,fused_opt_int4,3,207.832,207.604,207.84900000000002
NVIDIA H200,w2_tc2_v0,fp16,512,fused_warp_int4,3,81.7853,81.5626,82.0221
NVIDIA H200,w2_tc2_v0,fp16,512,optimized,3,162.149,162.1,162.33
NVIDIA H200,w2_tc2_v0,fp16,512,tc_fast,3,163.252,163.177,163.59199999999998
NVIDIA H200,w2_tc2_v0,fp16,512,tc_split,3,205.49200000000002,205.357,205.76500000000001
NVIDIA H200,w2_tc2_v0,fp16,512,unfused_int4,3,212.57899999999998,212.331,213.024
NVIDIA H200,w2_tc2_v0,fp16,512,warp,3,73.233,73.18299999999999,73.4493
NVIDIA H200,w2_tc2_v0,fp16,1024,baseline,3,916.2940000000001,916.25,916.708
NVIDIA H200,w2_tc2_v0,fp16,1024,fused_opt_int4,3,464.385,464.37,464.441
NVIDIA H200,w2_tc2_v0,fp16,1024,fused_warp_int4,3,172.701,172.683,172.739
NVIDIA H200,w2_tc2_v0,fp16,1024,optimized,3,363.75800000000004,363.70000000000005,363.79299999999995
NVIDIA H200,w2_tc2_v0,fp16,1024,tc_fast,3,305.76,305.68899999999996,305.85200000000003
NVIDIA H200,w2_tc2_v0,fp16,1024,tc_split,3,389.611,389.57000000000005,389.638
NVIDIA H200,w2_tc2_v0,fp16,1024,unfused_int4,3,468.40700000000004,468.226,468.646
NVIDIA H200,w2_tc2_v0,fp16,1024,warp,3,170.7,170.66500000000002,170.9
NVIDIA H200,w4_tc4_v0,bf16,64,baseline,3,84.5104,84.4784,84.5318
NVIDIA H200,w4_tc4_v0,bf16,64,fused_opt_int4,3,84.3907,84.3638,84.4234
NVIDIA H200,w4_tc4_v0,bf16,64,fused_tc_fast_int4,3,27.7181,27.6554,27.752599999999997
NVIDIA H200,w4_tc4_v0,bf16,64,fused_tc_split_int4,3,33.346199999999996,33.24,33.5136
NVIDIA H200,w4_tc4_v0,bf16,64,fused_warp_int4,3,25.3024,25.2893,25.4106
NVIDIA H200,w4_tc4_v0,bf16,64,optimized,3,25.127,25.0771,25.2058
NVIDIA H200,w4_tc4_v0,bf16,64,tc_fast,3,27.4358,27.4058,27.4522
NVIDIA H200,w4_tc4_v0,bf16,64,tc_split,3,32.8701,32.838699999999996,32.9168
NVIDIA H200,w4_tc4_v0,bf16,64,unfused_int4,3,106.89800000000001,106.82600000000001,106.99
NVIDIA H200,w4_tc4_v0,bf16,64,warp,3,25.048299999999998,24.992,25.084200000000003
NVIDIA H200,w4_tc4_v0,bf16,128,baseline,3,100.335,100.275,100.363
NVIDIA H200,w4_tc4_v0,bf16,128,fused_opt_int4,3,84.9123,84.9043,84.9306
NVIDIA H200,w4_tc4_v0,bf16,128,fused_tc_fast_int4,3,49.460499999999996,49.3949,49.565400000000004
NVIDIA H200,w4_tc4_v0,bf16,128,fused_tc_split_int4,3,60.8224,60.7773,60.8733
NVIDIA H200,w4_tc4_v0,bf16,128,fused_warp_int4,3,31.7264,31.5987,31.763800000000003
NVIDIA H200,w4_tc4_v0,bf16,128,optimized,3,45.3078,45.2525,45.328
NVIDIA H200,w4_tc4_v0,bf16,128,tc_fast,3,49.189099999999996,49.139500000000005,49.192
NVIDIA H200,w4_tc4_v0,bf16,128,tc_split,3,60.0336,59.998400000000004,60.0496
NVIDIA H200,w4_tc4_v0,bf16,128,unfused_int4,3,107.50999999999999,107.492,107.595
NVIDIA H200,w4_tc4_v0,bf16,128,warp,3,25.6733,25.5501,25.7078
NVIDIA H200,w4_tc4_v0,bf16,256,baseline,3,197.951,197.908,198.108
NVIDIA H200,w4_tc4_v0,bf16,256,fused_opt_int4,3,98.9539,98.887,99.0518
NVIDIA H200,w4_tc4_v0,bf16,256,fused_tc_fast_int4,3,93.4752,93.30460000000001,93.721
NVIDIA H200,w4_tc4_v0,bf16,256,fused_tc_split_int4,3,116.018,116.017,116.15599999999999
NVIDIA H200,w4_tc4_v0,bf16,256,fused_warp_int4,3,52.3779,52.229400000000005,52.4554
NVIDIA H200,w4_tc4_v0,bf16,256,optimized,3,85.17439999999999,85.10979999999999,85.3942
NVIDIA H200,w4_tc4_v0,bf16,256,tc_fast,3,92.44380000000001,92.384,92.5421
NVIDIA H200,w4_tc4_v0,bf16,256,tc_split,3,114.11200000000001,114.076,114.229
NVIDIA H200,w4_tc4_v0,bf16,256,unfused_int4,3,122.784,122.738,122.96300000000001
NVIDIA H200,w4_tc4_v0,bf16,256,warp,3,41.1779,41.1482,41.3722
NVIDIA H200,w4_tc4_v0,bf16,512,baseline,3,413.248,413.246,413.296
NVIDIA H200,w4_tc4_v0,bf16,512,fused_opt_int4,3,209.779,209.772,209.804
NVIDIA H200,w4_tc4_v0,bf16,512,fused_warp_int4,3,85.1722,85.153,85.30980000000001
NVIDIA H200,w4_tc4_v0,bf16,512,optimized,3,162.95100000000002,162.833,162.967
NVIDIA H200,w4_tc4_v0,bf16,512,tc_fast,3,166.95399999999998,166.868,167.02900000000002
NVIDIA H200,w4_tc4_v0,bf16,512,tc_split,3,213.091,213.091,213.15300000000002
NVIDIA H200,w4_tc4_v0,bf16,512,unfused_int4,3,212.35999999999999,212.347,212.534
NVIDIA H200,w4_tc4_v0,bf16,512,warp,3,72.9286,72.91739999999999,72.9533
NVIDIA H200,w4_tc4_v0,bf16,1024,baseline,3,916.323,916.218,916.783
NVIDIA H200,w4_tc4_v0,bf16,1024,fused_opt_int4,3,468.72200000000004,468.65000000000003,468.796
NVIDIA H200,w4_tc4_v0,bf16,1024,fused_warp_int4,3,174.566,174.497,174.626
NVIDIA H200,w4_tc4_v0,bf16,1024,optimized,3,365.36600000000004,365.228,366.268
NVIDIA H200,w4_tc4_v0,bf16,1024,tc_fast,3,314.316,314.06800000000004,314.326
NVIDIA H200,w4_tc4_v0,bf16,1024,tc_split,3,402.6,402.173,402.621
NVIDIA H200,w4_tc4_v0,bf16,1024,unfused_int4,3,470.22,469.246,470.492
NVIDIA H200,w4_tc4_v0,bf16,1024,warp,3,171.854,171.548,171.869
NVIDIA H200,w4_tc4_v0,fp16,64,baseline,3,84.40899999999999,84.38560000000001,84.42370000000001
NVIDIA H200,w4_tc4_v0,fp16,64,fused_opt_int4,3,84.3536,84.27170000000001,84.4861
NVIDIA H200,w4_tc4_v0,fp16,64,fused_tc_fast_int4,3,26.491500000000002,26.346600000000002,26.5786
NVIDIA H200,w4_tc4_v0,fp16,64,fused_tc_split_int4,3,31.575400000000002,31.487399999999997,31.755499999999998
NVIDIA H200,w4_tc4_v0,fp16,64,fused_warp_int4,3,25.339199999999998,25.238699999999998,25.341099999999997
NVIDIA H200,w4_tc4_v0,fp16,64,optimized,3,25.1293,24.975399999999997,25.1472
NVIDIA H200,w4_tc4_v0,fp16,64,tc_fast,3,26.275199999999998,26.0986,26.3498
NVIDIA H200,w4_tc4_v0,fp16,64,tc_split,3,31.537599999999998,31.315500000000004,31.793599999999998
NVIDIA H200,w4_tc4_v0,fp16,64,unfused_int4,3,106.744,106.583,106.833
NVIDIA H200,w4_tc4_v0,fp16,64,warp,3,24.9674,24.9085,25.04
NVIDIA H200,w4_tc4_v0,fp16,128,baseline,3,100.33,100.263,100.53399999999999
NVIDIA H200,w4_tc4_v0,fp16,128,fused_opt_int4,3,84.929,84.8976,85.032
NVIDIA H200,w4_tc4_v0,fp16,128,fused_tc_fast_int4,3,47.3885,47.288999999999994,47.666199999999996
NVIDIA H200,w4_tc4_v0,fp16,128,fused_tc_split_int4,3,57.5754,57.2778,57.9357
NVIDIA H200,w4_tc4_v0,fp16,128,fused_warp_int4,3,31.2461,31.1987,31.264599999999998
NVIDIA H200,w4_tc4_v0,fp16,128,optimized,3,45.368,45.3168,45.5021
NVIDIA H200,w4_tc4_v0,fp16,128,tc_fast,3,47.3072,47.0115,47.5229
NVIDIA H200,w4_tc4_v0,fp16,128,tc_split,3,57.5773,57.2774,57.9024
NVIDIA H200,w4_tc4_v0,fp16,128,unfused_int4,3,107.59299999999999,107.436,107.60799999999999
NVIDIA H200,w4_tc4_v0,fp16,128,warp,3,25.5498,25.4618,25.6454
NVIDIA H200,w4_tc4_v0,fp16,256,baseline,3,197.995,197.972,198.00300000000001
NVIDIA H200,w4_tc4_v0,fp16,256,fused_opt_int4,3,98.31389999999999,98.1837,98.327
NVIDIA H200,w4_tc4_v0,fp16,256,fused_tc_fast_int4,3,89.0416,88.9136,89.72
NVIDIA H200,w4_tc4_v0,fp16,256,fused_tc_split_int4,3,109.293,109.123,110.042
NVIDIA H200,w4_tc4_v0,fp16,256,fused_warp_int4,3,51.505,51.392,51.5248
NVIDIA H200,w4_tc4_v0,fp16,256,optimized,3,85.2029,85.1747,85.29599999999999
NVIDIA H200,w4_tc4_v0,fp16,256,tc_fast,3,88.2102,88.1517,88.96640000000001
NVIDIA H200,w4_tc4_v0,fp16,256,tc_split,3,108.751,108.57799999999999,109.579
NVIDIA H200,w4_tc4_v0,fp16,256,unfused_int4,3,121.31400000000001,121.20100000000001,121.62299999999999
NVIDIA H200,w4_tc4_v0,fp16,256,warp,3,39.9974,39.8576,40.0688
NVIDIA H200,w4_tc4_v0,fp16,512,baseline,3,413.211,413.1,413.228
NVIDIA H200,w4_tc4_v0,fp16,512,fused_opt_int4,3,207.706,207.541,207.846
NVIDIA H200,w4_tc4_v0,fp16,512,fused_warp_int4,3,81.6426,81.49629999999999,81.8301
NVIDIA H200,w4_tc4_v0,fp16,512,optimized,3,162.152,162.099,162.222
NVIDIA H200,w4_tc4_v0,fp16,512,tc_fast,3,159.51399999999998,158.25400000000002,159.603
NVIDIA H200,w4_tc4_v0,fp16,512,tc_split,3,201.12800000000001,200.94500000000002,202.573
NVIDIA H200,w4_tc4_v0,fp16,512,unfused_int4,3,212.881,212.624,213.027
NVIDIA H200,w4_tc4_v0,fp16,512,warp,3,73.4221,73.39519999999999,73.5242
NVIDIA H200,w4_tc4_v0,fp16,1024,baseline,3,916.2620000000001,916.233,917.037
NVIDIA H200,w4_tc4_v0,fp16,1024,fused_opt_int4,3,464.606,464.459,464.95
NVIDIA H200,w4_tc4_v0,fp16,1024,fused_warp_int4,3,173.079,172.91899999999998,173.09199999999998
NVIDIA H200,w4_tc4_v0,fp16,1024,optimized,3,363.853,363.827,363.856
NVIDIA H200,w4_tc4_v0,fp16,1024,tc_fast,3,302.788,302.702,303.87199999999996
NVIDIA H200,w4_tc4_v0,fp16,1024,tc_split,3,382.722,381.896,383.02000000000004
NVIDIA H200,w4_tc4_v0,fp16,1024,unfused_int4,3,470.571,470.30300000000005,471.506
NVIDIA H200,w4_tc4_v0,fp16,1024,warp,3,172.47199999999998,172.273,172.511
NVIDIA H200,w4_tc4_v1,bf16,64,baseline,3,84.3494,84.2966,84.38080000000001
NVIDIA H200,w4_tc4_v1,bf16,64,fused_opt_int4,3,84.31139999999999,84.2634,84.4029
NVIDIA H200,w4_tc4_v1,bf16,64,fused_tc_fast_int4,3,22.0317,22.0026,22.1283
NVIDIA H200,w4_tc4_v1,bf16,64,fused_tc_split_int4,3,24.8051,24.695999999999998,24.815
NVIDIA H200,w4_tc4_v1,bf16,64,fused_warp_int4,3,25.2032,25.1533,25.2438
NVIDIA H200,w4_tc4_v1,bf16,64,optimized,3,24.991699999999998,24.956200000000003,25.0752
NVIDIA H200,w4_tc4_v1,bf16,64,tc_fast,3,21.529,21.490599999999997,21.5418
NVIDIA H200,w4_tc4_v1,bf16,64,tc_split,3,24.3766,24.3645,24.4598
NVIDIA H200,w4_tc4_v1,bf16,64,unfused_int4,3,106.59200000000001,106.542,106.764
NVIDIA H200,w4_tc4_v1,bf16,64,warp,3,24.9523,24.9293,25.0278
NVIDIA H200,w4_tc4_v1,bf16,128,baseline,3,100.251,100.225,100.258
NVIDIA H200,w4_tc4_v1,bf16,128,fused_opt_int4,3,84.91460000000001,84.855,84.9434
NVIDIA H200,w4_tc4_v1,bf16,128,fused_tc_fast_int4,3,38.657,38.6403,38.678999999999995
NVIDIA H200,w4_tc4_v1,bf16,128,fused_tc_split_int4,3,44.0672,44.0557,44.1411
NVIDIA H200,w4_tc4_v1,bf16,128,fused_warp_int4,3,31.7158,31.671,31.7162
NVIDIA H200,w4_tc4_v1,bf16,128,optimized,3,45.3037,45.293800000000005,45.3664
NVIDIA H200,w4_tc4_v1,bf16,128,tc_fast,3,38.5341,38.366699999999994,38.5398
NVIDIA H200,w4_tc4_v1,bf16,128,tc_split,3,43.653400000000005,43.5856,43.773399999999995
NVIDIA H200,w4_tc4_v1,bf16,128,unfused_int4,3,107.5,107.43700000000001,107.616
NVIDIA H200,w4_tc4_v1,bf16,128,warp,3,25.786199999999997,25.7354,25.794600000000003
NVIDIA H200,w4_tc4_v1,bf16,256,baseline,3,197.972,197.868,198.088
NVIDIA H200,w4_tc4_v1,bf16,256,fused_opt_int4,3,98.9245,98.9037,99.0291
NVIDIA H200,w4_tc4_v1,bf16,256,fused_tc_fast_int4,3,72.03519999999999,72.025,72.18560000000001
NVIDIA H200,w4_tc4_v1,bf16,256,fused_tc_split_int4,3,82.86689999999999,82.75009999999999,83.0019
NVIDIA H200,w4_tc4_v1,bf16,256,fused_warp_int4,3,52.2608,52.2496,52.3286
NVIDIA H200,w4_tc4_v1,bf16,256,optimized,3,85.1658,85.1293,85.5523
NVIDIA H200,w4_tc4_v1,bf16,256,tc_fast,3,70.7478,70.6541,70.9504
NVIDIA H200,w4_tc4_v1,bf16,256,tc_split,3,81.209,81.2086,81.416
NVIDIA H200,w4_tc4_v1,bf16,256,unfused_int4,3,122.68900000000001,122.628,123.092
NVIDIA H200,w4_tc4_v1,bf16,256,warp,3,41.281600000000005,41.1338,41.3498
NVIDIA H200,w4_tc4_v1,bf16,512,baseline,3,413.223,413.154,413.512
NVIDIA H200,w4_tc4_v1,bf16,512,fused_opt_int4,3,209.79600000000002,209.696,209.929
NVIDIA H200,w4_tc4_v1,bf16,512,fused_warp_int4,3,85.2509,85.1763,85.2957
NVIDIA H200,w4_tc4_v1,bf16,512,optimized,3,163.017,163.00400000000002,163.032
NVIDIA H200,w4_tc4_v1,bf16,512,tc_fast,3,123.601,123.52000000000001,123.654
NVIDIA H200,w4_tc4_v1,bf16,512,tc_split,3,142.20499999999998,141.905,142.27
NVIDIA H200,w4_tc4_v1,bf16,512,unfused_int4,3,212.5,212.369,212.68300000000002
NVIDIA H200,w4_tc4_v1,bf16,512,warp,3,72.9379,72.8346,72.99329999999999
NVIDIA H200,w4_tc4_v1,bf16,1024,baseline,3,916.208,916.115,916.581
NVIDIA H200,w4_tc4_v1,bf16,1024,fused_opt_int4,3,468.75600000000003,468.598,468.884
NVIDIA H200,w4_tc4_v1,bf16,1024,fused_warp_int4,3,174.666,174.404,174.667
NVIDIA H200,w4_tc4_v1,bf16,1024,optimized,3,365.114,365.037,365.15999999999997
NVIDIA H200,w4_tc4_v1,bf16,1024,tc_fast,3,229.156,229.132,229.252
NVIDIA H200,w4_tc4_v1,bf16,1024,tc_split,3,265.122,265.02799999999996,265.132
NVIDIA H200,w4_tc4_v1,bf16,1024,unfused_int4,3,469.592,469.586,469.93600000000004
NVIDIA H200,w4_tc4_v1,bf16,1024,warp,3,171.81099999999998,171.517,171.945
NVIDIA H200,w4_tc4_v1,fp16,64,baseline,3,84.3274,84.233,84.4102
NVIDIA H200,w4_tc4_v1,fp16,64,fused_opt_int4,3,84.3299,84.1597,84.353
NVIDIA H200,w4_tc4_v1,fp16,64,fused_tc_fast_int4,3,20.8653,20.834600000000002,20.918699999999998
NVIDIA H200,w4_tc4_v1,fp16,64,fused_tc_split_int4,3,22.9232,22.863999999999997,22.982699999999998
NVIDIA H200,w4_tc4_v1,fp16,64,fused_warp_int4,3,25.3034,25.1456,25.363799999999998
NVIDIA H200,w4_tc4_v1,fp16,64,optimized,3,25.061799999999998,24.9597,25.232
NVIDIA H200,w4_tc4_v1,fp16,64,tc_fast,3,20.653100000000002,20.6045,20.7418
NVIDIA H200,w4_tc4_v1,fp16,64,tc_split,3,22.5706,22.561899999999998,22.6586
NVIDIA H200,w4_tc4_v1,fp16,64,unfused_int4,3,106.532,106.392,106.835
NVIDIA H200,w4_tc4_v1,fp16,64,warp,3,24.8957,24.8742,25.028499999999998
NVIDIA H200,w4_tc4_v1,fp16,128,baseline,3,100.302,100.231,100.326
NVIDIA H200,w4_tc4_v1,fp16,128,fused_opt_int4,3,84.8986,84.8858,84.9734
NVIDIA H200,w4_tc4_v1,fp16,128,fused_tc_fast_int4,3,36.457,36.4518,36.5581
NVIDIA H200,w4_tc4_v1,fp16,128,fused_tc_split_int4,3,40.5667,40.4957,40.5955
NVIDIA H200,w4_tc4_v1,fp16,128,fused_warp_int4,3,31.2102,31.1174,31.223399999999998
NVIDIA H200,w4_tc4_v1,fp16,128,optimized,3,45.3034,45.225,45.3635
NVIDIA H200,w4_tc4_v1,fp16,128,tc_fast,3,36.2893,36.2685,36.351
NVIDIA H200,w4_tc4_v1,fp16,128,tc_split,3,40.129900000000006,40.0499,40.151399999999995
NVIDIA H200,w4_tc4_v1,fp16,128,unfused_int4,3,107.434,107.281,107.50800000000001
NVIDIA H200,w4_tc4_v1,fp16,128,warp,3,25.680999999999997,25.6128,25.774700000000003
NVIDIA H200,w4_tc4_v1,fp16,256,baseline,3,198.01,197.986,198.01
NVIDIA H200,w4_tc4_v1,fp16,256,fused_opt_int4,3,98.24380000000001,98.1238,98.4115
NVIDIA H200,w4_tc4_v1,fp16,256,fused_tc_fast_int4,3,70.19200000000001,70.1037,70.2598
NVIDIA H200,w4_tc4_v1,fp16,256,fused_tc_split_int4,3,76.6394,76.4234,76.7171
NVIDIA H200,w4_tc4_v1,fp16,256,fused_warp_int4,3,51.464999999999996,51.3187,51.6109
NVIDIA H200,w4_tc4_v1,fp16,256,optimized,3,85.2973,85.21629999999999,85.50019999999999
NVIDIA H200,w4_tc4_v1,fp16,256,tc_fast,3,66.27969999999999,66.18780000000001,66.3456
NVIDIA H200,w4_tc4_v1,fp16,256,tc_split,3,73.9069,73.8995,73.9379
NVIDIA H200,w4_tc4_v1,fp16,256,unfused_int4,3,121.323,121.049,121.422
NVIDIA H200,w4_tc4_v1,fp16,256,warp,3,39.9862,39.8282,40.023999999999994
NVIDIA H200,w4_tc4_v1,fp16,512,baseline,3,413.296,413.25800000000004,413.655
NVIDIA H200,w4_tc4_v1,fp16,512,fused_opt_int4,3,207.74300000000002,207.697,207.93200000000002
NVIDIA H200,w4_tc4_v1,fp16,512,fused_warp_int4,3,81.8339,81.792,81.9658
NVIDIA H200,w4_tc4_v1,fp16,512,optimized,3,162.232,162.183,162.301
NVIDIA H200,w4_tc4_v1,fp16,512,tc_fast,3,115.67099999999999,115.577,115.794
NVIDIA H200,w4_tc4_v1,fp16,512,tc_split,3,130.937,130.923,131.03400000000002
NVIDIA H200,w4_tc4_v1,fp16,512,unfused_int4,3,212.592,212.51600000000002,213.062
NVIDIA H200,w4_tc4_v1,fp16,512,warp,3,73.4362,73.3981,73.53569999999999
NVIDIA H200,w4_tc4_v1,fp16,1024,baseline,3,916.708,916.297,916.813
NVIDIA H200,w4_tc4_v1,fp16,1024,fused_opt_int4,3,464.603,464.569,464.952
NVIDIA H200,w4_tc4_v1,fp16,1024,fused_warp_int4,3,172.86499999999998,172.77200000000002,173.034
NVIDIA H200,w4_tc4_v1,fp16,1024,optimized,3,363.95,363.588,363.995
NVIDIA H200,w4_tc4_v1,fp16,1024,tc_fast,3,216.459,216.40499999999997,216.474
NVIDIA H200,w4_tc4_v1,fp16,1024,tc_split,3,243.332,243.26999999999998,243.392
NVIDIA H200,w4_tc4_v1,fp16,1024,unfused_int4,3,470.92,469.877,471.218
NVIDIA H200,w4_tc4_v1,fp16,1024,warp,3,172.51500000000001,172.423,172.546
NVIDIA H200,w8_tc8_v0,bf16,64,baseline,3,84.4288,84.37060000000001,84.4304
NVIDIA H200,w8_tc8_v0,bf16,64,fused_opt_int4,3,84.40480000000001,84.384,84.56859999999999
NVIDIA H200,w8_tc8_v0,bf16,64,fused_tc_fast_int4,3,27.4048,27.402900000000002,27.512
NVIDIA H200,w8_tc8_v0,bf16,64,fused_tc_split_int4,3,33.216,33.168000000000006,33.251799999999996
NVIDIA H200,w8_tc8_v0,bf16,64,fused_warp_int4,3,23.1085,23.0432,23.1587
NVIDIA H200,w8_tc8_v0,bf16,64,optimized,3,25.0854,25.0506,25.239
NVIDIA H200,w8_tc8_v0,bf16,64,tc_fast,3,27.0531,27.000300000000003,27.087699999999998
NVIDIA H200,w8_tc8_v0,bf16,64,tc_split,3,32.7386,32.714600000000004,32.7619
NVIDIA H200,w8_tc8_v0,bf16,64,unfused_int4,3,98.9405,98.816,99.06819999999999
NVIDIA H200,w8_tc8_v0,bf16,64,warp,3,16.3411,16.3283,16.3773
NVIDIA H200,w8_tc8_v0,bf16,128,baseline,3,100.448,100.387,100.47200000000001
NVIDIA H200,w8_tc8_v0,bf16,128,fused_opt_int4,3,84.9469,84.935,84.9914
NVIDIA H200,w8_tc8_v0,bf16,128,fused_tc_fast_int4,3,48.814099999999996,48.7907,48.8397
NVIDIA H200,w8_tc8_v0,bf16,128,fused_tc_split_int4,3,60.1328,60.1216,60.2406
NVIDIA H200,w8_tc8_v0,bf16,128,fused_warp_int4,3,31.9235,31.8115,31.952599999999997
NVIDIA H200,w8_tc8_v0,bf16,128,optimized,3,45.4221,45.362899999999996,45.4726
NVIDIA H200,w8_tc8_v0,bf16,128,tc_fast,3,48.4403,48.2707,48.4586
NVIDIA H200,w8_tc8_v0,bf16,128,tc_split,3,59.6118,59.585300000000004,59.649
NVIDIA H200,w8_tc8_v0,bf16,128,unfused_int4,3,107.061,106.992,107.07
NVIDIA H200,w8_tc8_v0,bf16,128,warp,3,25.481299999999997,25.3546,25.5203
NVIDIA H200,w8_tc8_v0,bf16,256,baseline,3,197.972,197.942,198.0
NVIDIA H200,w8_tc8_v0,bf16,256,fused_opt_int4,3,99.1658,98.8797,99.3648
NVIDIA H200,w8_tc8_v0,bf16,256,fused_tc_fast_int4,3,91.9242,91.8064,91.9885
NVIDIA H200,w8_tc8_v0,bf16,256,fused_tc_split_int4,3,114.51899999999999,114.28399999999999,114.628
NVIDIA H200,w8_tc8_v0,bf16,256,fused_warp_int4,3,52.3773,52.2237,52.4154
NVIDIA H200,w8_tc8_v0,bf16,256,optimized,3,85.2285,85.2038,85.34020000000001
NVIDIA H200,w8_tc8_v0,bf16,256,tc_fast,3,90.5933,90.54299999999999,90.6845
NVIDIA H200,w8_tc8_v0,bf16,256,tc_split,3,112.97699999999999,112.79,113.03399999999999
NVIDIA H200,w8_tc8_v0,bf16,256,unfused_int4,3,123.01299999999999,122.77499999999999,123.098
NVIDIA H200,w8_tc8_v0,bf16,256,warp,3,41.3987,41.3747,41.4509
NVIDIA H200,w8_tc8_v0,bf16,512,baseline,3,413.217,413.05199999999996,413.24499999999995
NVIDIA H200,w8_tc8_v0,bf16,512,fused_opt_int4,3,209.74699999999999,209.716,209.844
NVIDIA H200,w8_tc8_v0,bf16,512,fused_warp_int4,3,84.76989999999999,84.617,84.9597
NVIDIA H200,w8_tc8_v0,bf16,512,optimized,3,162.874,162.782,162.979
NVIDIA H200,w8_tc8_v0,bf16,512,tc_fast,3,165.821,165.79,165.83800000000002
NVIDIA H200,w8_tc8_v0,bf16,512,tc_split,3,211.999,211.977,212.13199999999998
NVIDIA H200,w8_tc8_v0,bf16,512,unfused_int4,3,213.20600000000002,212.96599999999998,213.339
NVIDIA H200,w8_tc8_v0,bf16,512,warp,3,73.6685,73.6198,73.69439999999999
NVIDIA H200,w8_tc8_v0,bf16,1024,baseline,3,916.418,916.216,916.528
NVIDIA H200,w8_tc8_v0,bf16,1024,fused_opt_int4,3,468.748,468.66,478.432
NVIDIA H200,w8_tc8_v0,bf16,1024,fused_warp_int4,3,181.83599999999998,181.808,181.868
NVIDIA H200,w8_tc8_v0,bf16,1024,optimized,3,365.388,365.055,365.477
NVIDIA H200,w8_tc8_v0,bf16,1024,tc_fast,3,313.721,313.53999999999996,313.768
NVIDIA H200,w8_tc8_v0,bf16,1024,tc_split,3,402.543,402.346,402.612
NVIDIA H200,w8_tc8_v0,bf16,1024,unfused_int4,3,475.724,474.197,475.963
NVIDIA H200,w8_tc8_v0,bf16,1024,warp,3,177.27,177.043,177.292
NVIDIA H200,w8_tc8_v0,fp16,64,baseline,3,84.43900000000001,84.3424,84.45410000000001
NVIDIA H200,w8_tc8_v0,fp16,64,fused_opt_int4,3,84.3734,84.2813,84.4176
NVIDIA H200,w8_tc8_v0,fp16,64,fused_tc_fast_int4,3,26.1862,26.1821,26.2704
NVIDIA H200,w8_tc8_v0,fp16,64,fused_tc_split_int4,3,31.433000000000003,31.3702,31.523500000000002
NVIDIA H200,w8_tc8_v0,fp16,64,fused_warp_int4,3,22.6928,22.689600000000002,22.6986
NVIDIA H200,w8_tc8_v0,fp16,64,optimized,3,25.0874,25.0566,25.2182
NVIDIA H200,w8_tc8_v0,fp16,64,tc_fast,3,25.9626,25.8915,26.0131
NVIDIA H200,w8_tc8_v0,fp16,64,tc_split,3,31.2262,31.1894,31.365099999999998
NVIDIA H200,w8_tc8_v0,fp16,64,unfused_int4,3,98.7306,98.5066,99.0477
NVIDIA H200,w8_tc8_v0,fp16,64,warp,3,16.3283,16.2035,16.4019
NVIDIA H200,w8_tc8_v0,fp16,128,baseline,3,100.262,100.22,100.27600000000001
NVIDIA H200,w8_tc8_v0,fp16,128,fused_opt_int4,3,84.9357,84.8922,84.9462
NVIDIA H200,w8_tc8_v0,fp16,128,fused_tc_fast_int4,3,46.4778,46.3658,46.8442
NVIDIA H200,w8_tc8_v0,fp16,128,fused_tc_split_int4,3,56.7846,56.6461,57.061099999999996
NVIDIA H200,w8_tc8_v0,fp16,128,fused_warp_int4,3,31.292800000000003,31.2915,31.472
NVIDIA H200,w8_tc8_v0,fp16,128,optimized,3,45.2883,45.2518,45.3898
NVIDIA H200,w8_tc8_v0,fp16,128,tc_fast,3,46.127,46.0851,46.4838
NVIDIA H200,w8_tc8_v0,fp16,128,tc_split,3,56.4893,56.463699999999996,56.8944
NVIDIA H200,w8_tc8_v0,fp16,128,unfused_int4,3,106.702,106.656,106.738
NVIDIA H200,w8_tc8_v0,fp16,128,warp,3,25.3968,25.3424,25.4582
NVIDIA H200,w8_tc8_v0,fp16,256,baseline,3,198.026,197.981,198.02800000000002
NVIDIA H200,w8_tc8_v0,fp16,256,fused_opt_int4,3,98.2256,98.1421,98.6515
NVIDIA H200,w8_tc8_v0,fp16,256,fused_tc_fast_int4,3,87.34400000000001,87.2074,87.3622
NVIDIA H200,w8_tc8_v0,fp16,256,fused_tc_split_int4,3,107.656,107.554,107.7
NVIDIA H200,w8_tc8_v0,fp16,256,fused_warp_int4,3,51.3594,51.2432,51.503
NVIDIA H200,w8_tc8_v0,fp16,256,optimized,3,85.21470000000001,85.1955,85.2403
NVIDIA H200,w8_tc8_v0,fp16,256,tc_fast,3,86.1846,86.12480000000001,86.92320000000001
NVIDIA H200,w8_tc8_v0,fp16,256,tc_split,3,106.788,106.75999999999999,107.55000000000001
NVIDIA H200,w8_tc8_v0,fp16,256,unfused_int4,3,121.85600000000001,121.819,121.936
NVIDIA H200,w8_tc8_v0,fp16,256,warp,3,40.5059,40.438700000000004,40.5344
NVIDIA H200,w8_tc8_v0,fp16,512,baseline,3,413.202,413.174,413.24499999999995
NVIDIA H200,w8_tc8_v0,fp16,512,fused_opt_int4,3,207.72099999999998,207.716,207.82
NVIDIA H200,w8_tc8_v0,fp16,512,fused_warp_int4,3,81.59389999999999,81.49860000000001,81.6262
NVIDIA H200,w8_tc8_v0,fp16,512,optimized,3,162.143,162.137,162.312
NVIDIA H200,w8_tc8_v0,fp16,512,tc_fast,3,157.205,157.203,157.28400000000002
NVIDIA H200,w8_tc8_v0,fp16,512,tc_split,3,199.896,199.854,200.023
NVIDIA H200,w8_tc8_v0,fp16,512,unfused_int4,3,213.56900000000002,213.274,213.695
NVIDIA H200,w8_tc8_v0,fp16,512,warp,3,74.0816,74.0614,74.1472
NVIDIA H200,w8_tc8_v0,fp16,1024,baseline,3,916.314,916.252,916.6419999999999
NVIDIA H200,w8_tc8_v0,fp16,1024,fused_opt_int4,3,464.763,464.54200000000003,464.908
NVIDIA H200,w8_tc8_v0,fp16,1024,fused_warp_int4,3,177.12,177.094,177.315
NVIDIA H200,w8_tc8_v0,fp16,1024,optimized,3,363.908,363.734,363.97499999999997
NVIDIA H200,w8_tc8_v0,fp16,1024,tc_fast,3,302.282,302.162,302.40299999999996
NVIDIA H200,w8_tc8_v0,fp16,1024,tc_split,3,381.412,381.268,381.465
NVIDIA H200,w8_tc8_v0,fp16,1024,unfused_int4,3,477.00399999999996,476.09299999999996,477.014
NVIDIA H200,w8_tc8_v0,fp16,1024,warp,3,178.657,178.551,178.78
