gpu,dtype,tokens,head_dim,normalize,backend,median_us,min_us,max_us,repeats,all_pass
NVIDIA H200,bfloat16,1,128,0,dao,1.4817999675869942,1.479800045490265,1.4833999797701836,5,True
NVIDIA H200,bfloat16,1,128,0,dao_plus_quant,2.7577999979257584,2.7559999376535416,2.758600004017353,5,True
NVIDIA H200,bfloat16,1,128,0,guard/mma_split,1.3926000334322453,1.3907999731600285,1.3944000005722046,5,True
NVIDIA H200,bfloat16,1,128,0,guard/warp,1.42620000988245,1.4100000262260437,1.4271999709308147,5,True
NVIDIA H200,bfloat16,1,128,1,dao,1.498399954289198,1.4976000413298607,1.501800026744604,5,True
NVIDIA H200,bfloat16,1,128,1,dao_plus_quant,2.756199985742569,2.755800075829029,2.757200039923191,5,True
NVIDIA H200,bfloat16,1,128,1,guard/mma_split,1.4325999654829502,1.4154000207781792,1.4336000196635723,5,True
NVIDIA H200,bfloat16,1,128,1,guard/warp,1.4046000316739082,1.4039999805390835,1.4051999896764755,5,True
NVIDIA H200,bfloat16,1,256,0,dao,1.5184000134468079,1.5169999562203884,1.5192000195384026,5,True
NVIDIA H200,bfloat16,1,256,0,dao_plus_quant,2.77319997549057,2.7713999152183533,2.773600071668625,5,True
NVIDIA H200,bfloat16,1,256,0,guard/mma_split,2.2857999429106712,2.283800020813942,2.286599949002266,5,True
NVIDIA H200,bfloat16,1,256,0,guard/warp,1.476600021123886,1.4750000089406967,1.4783999882638454,5,True
NVIDIA H200,bfloat16,1,256,1,dao,1.5093999914824963,1.5081999823451042,1.5097999945282936,5,True
NVIDIA H200,bfloat16,1,256,1,dao_plus_quant,2.77280006557703,2.7715999633073807,2.773600071668625,5,True
NVIDIA H200,bfloat16,1,256,1,guard/mma_split,2.501400001347065,2.501000091433525,2.5030000135302544,5,True
NVIDIA H200,bfloat16,1,256,1,guard/warp,1.503199990838766,1.5026000328361988,1.5061999671161175,5,True
NVIDIA H200,bfloat16,1,64,0,dao,1.5420000068843365,1.5412000007927418,1.5464000403881073,5,True
NVIDIA H200,bfloat16,1,64,0,dao_plus_quant,2.6976000517606735,2.6965999975800514,2.698799967765808,5,True
NVIDIA H200,bfloat16,1,64,0,guard/mma_split,1.4166000299155712,1.398599985986948,1.4175999909639359,5,True
NVIDIA H200,bfloat16,1,64,0,guard/warp,1.3163999654352665,1.3141999952495098,1.3167999684810638,5,True
NVIDIA H200,bfloat16,1,64,1,dao,1.5577999874949455,1.5564000234007835,1.560799963772297,5,True
NVIDIA H200,bfloat16,1,64,1,dao_plus_quant,2.7049999684095383,2.7038000524044037,2.705400064587593,5,True
NVIDIA H200,bfloat16,1,64,1,guard/mma_split,1.408000010997057,1.4059999957680702,1.409200020134449,5,True
NVIDIA H200,bfloat16,1,64,1,guard/warp,1.3089999556541443,1.2922000139951706,1.3104000128805637,5,True
NVIDIA H200,bfloat16,128,128,0,dao,1.6297999769449234,1.6138000413775444,1.646599918603897,5,True
NVIDIA H200,bfloat16,128,128,0,dao_plus_quant,3.141999989748001,3.139600157737732,3.179600089788437,5,True
NVIDIA H200,bfloat16,128,128,0,guard/mma_split,2.390800043940544,2.390200085937977,2.392599917948246,5,True
NVIDIA H200,bfloat16,128,128,0,guard/warp,1.483600027859211,1.4825999736785889,1.484800036996603,5,True
NVIDIA H200,bfloat16,128,128,1,dao,1.670599915087223,1.6540000215172768,1.6710000112652779,5,True
NVIDIA H200,bfloat16,128,128,1,dao_plus_quant,3.1543999910354614,3.1530000269412994,3.155200183391571,5,True
NVIDIA H200,bfloat16,128,128,1,guard/mma_split,2.5402000173926353,2.5380000472068787,2.5415999814867973,5,True
NVIDIA H200,bfloat16,128,128,1,guard/warp,1.4960000291466713,1.495600026100874,1.4986000023782253,5,True
NVIDIA H200,bfloat16,128,256,0,dao,1.6729999333620071,1.6699999570846558,1.6882000491023064,5,True
NVIDIA H200,bfloat16,128,256,0,dao_plus_quant,3.208399936556816,3.2076001167297363,3.2092001289129257,5,True
NVIDIA H200,bfloat16,128,256,0,guard/mma_split,2.4173999205231667,2.4143999442458153,2.4181999266147614,5,True
NVIDIA H200,bfloat16,128,256,0,guard/warp,1.5804000198841095,1.5798000618815422,1.583000086247921,5,True
NVIDIA H200,bfloat16,128,256,1,dao,1.733200065791607,1.7319999635219574,1.735600084066391,5,True
NVIDIA H200,bfloat16,128,256,1,dao_plus_quant,3.2127998769283295,3.1798001378774643,3.2131999731063843,5,True
NVIDIA H200,bfloat16,128,256,1,guard/mma_split,2.5922000408172607,2.5755999609827995,2.5936000049114227,5,True
NVIDIA H200,bfloat16,128,256,1,guard/warp,1.5761999413371086,1.5747999772429466,1.5780000016093254,5,True
NVIDIA H200,bfloat16,128,64,0,dao,1.713000051677227,1.7123999074101448,1.7141999676823616,5,True
NVIDIA H200,bfloat16,128,64,0,dao_plus_quant,3.1115999445319176,3.075000084936619,3.1477998942136765,5,True
NVIDIA H200,bfloat16,128,64,0,guard/mma_split,2.914400026202202,2.8988000005483627,2.9146000742912292,5,True
NVIDIA H200,bfloat16,128,64,0,guard/warp,1.4613999985158443,1.4441999606788158,1.4627999626100063,5,True
NVIDIA H200,bfloat16,128,64,1,dao,1.6780000180006027,1.677200011909008,1.681400090456009,5,True
NVIDIA H200,bfloat16,128,64,1,dao_plus_quant,3.139200061559677,3.1390000134706497,3.141000121831894,5,True
NVIDIA H200,bfloat16,128,64,1,guard/mma_split,2.4744000285863876,2.4730000644922256,2.475599944591522,5,True
NVIDIA H200,bfloat16,128,64,1,guard/warp,1.475599966943264,1.4593999832868576,1.477999985218048,5,True
NVIDIA H200,bfloat16,131072,128,0,dao,80.72659969329834,80.61699867248535,80.79140186309814,5,True
NVIDIA H200,bfloat16,131072,128,0,dao_plus_quant,161.23720407485962,160.89340448379517,161.26199960708618,5,True
NVIDIA H200,bfloat16,131072,128,0,guard/mma_split,38.740599155426025,38.731199502944946,38.76579999923706,5,True
NVIDIA H200,bfloat16,131072,128,0,guard/warp,22.281600534915924,22.270800173282623,22.317400574684143,5,True
NVIDIA H200,bfloat16,131072,128,1,dao,80.64640164375305,80.62120079994202,80.79720139503479,5,True
NVIDIA H200,bfloat16,131072,128,1,dao_plus_quant,160.9246015548706,160.87000370025635,161.2504005432129,5,True
NVIDIA H200,bfloat16,131072,128,1,guard/mma_split,38.34100067615509,38.30940127372742,38.359999656677246,5,True
NVIDIA H200,bfloat16,131072,128,1,guard/warp,22.39519953727722,22.357000410556793,22.433799505233765,5,True
NVIDIA H200,bfloat16,131072,256,0,dao,80.73059916496277,80.62580227851868,80.74399828910828,5,True
NVIDIA H200,bfloat16,131072,256,0,dao_plus_quant,161.77719831466675,161.61919832229614,161.83359622955322,5,True
NVIDIA H200,bfloat16,131072,256,0,guard/mma_split,76.48720145225525,76.44400000572205,76.55199766159058,5,True
NVIDIA H200,bfloat16,131072,256,0,guard/warp,36.04919910430908,36.032599210739136,36.0944002866745,5,True
NVIDIA H200,bfloat16,131072,256,1,dao,80.73760271072388,80.65059781074524,80.74740171432495,5,True
NVIDIA H200,bfloat16,131072,256,1,dao_plus_quant,161.7550015449524,161.5671992301941,161.76480054855347,5,True
NVIDIA H200,bfloat16,131072,256,1,guard/mma_split,74.36320185661316,74.31660294532776,74.42399859428406,5,True
NVIDIA H200,bfloat16,131072,256,1,guard/warp,37.26640045642853,37.22819983959198,37.274399399757385,5,True
NVIDIA H200,bfloat16,131072,64,0,dao,80.50580024719238,80.49659729003906,80.5158019065857,5,True
NVIDIA H200,bfloat16,131072,64,0,dao_plus_quant,160.68060398101807,160.6734037399292,160.7010006904602,5,True
NVIDIA H200,bfloat16,131072,64,0,guard/mma_split,21.529799699783325,21.501800417900085,21.54199928045273,5,True
NVIDIA H200,bfloat16,131072,64,0,guard/warp,13.461199402809143,13.448600471019745,13.47540020942688,5,True
NVIDIA H200,bfloat16,131072,64,1,dao,80.52780032157898,80.51959872245789,80.53900003433228,5,True
NVIDIA H200,bfloat16,131072,64,1,dao_plus_quant,160.68220138549805,160.67659854888916,160.69680452346802,5,True
NVIDIA H200,bfloat16,131072,64,1,guard/mma_split,20.913800597190857,20.906199514865875,20.937399566173553,5,True
NVIDIA H200,bfloat16,131072,64,1,guard/warp,13.744400441646576,13.689200580120087,13.77359926700592,5,True
NVIDIA H200,bfloat16,16384,128,0,dao,11.379799991846085,11.375399678945541,11.385200172662735,5,True
NVIDIA H200,bfloat16,16384,128,0,dao_plus_quant,22.497600317001343,22.492599487304688,22.50259965658188,5,True
NVIDIA H200,bfloat16,16384,128,0,guard/mma_split,6.477399915456772,6.475000083446503,6.480599939823151,5,True
NVIDIA H200,bfloat16,16384,128,0,guard/warp,3.948799893260002,3.9471998810768127,3.9843998849391937,5,True
NVIDIA H200,bfloat16,16384,128,1,dao,11.370199918746948,11.36379987001419,11.374399811029434,5,True
NVIDIA H200,bfloat16,16384,128,1,dao_plus_quant,22.510799765586853,22.50860035419464,22.51580059528351,5,True
NVIDIA H200,bfloat16,16384,128,1,guard/mma_split,6.623200327157974,6.6211998462677,6.626000255346298,5,True
NVIDIA H200,bfloat16,16384,128,1,guard/warp,3.9315998554229736,3.9298001676797867,3.9629999548196793,5,True
NVIDIA H200,bfloat16,16384,256,0,dao,11.610200256109238,11.597000062465668,11.620999872684479,5,True
NVIDIA H200,bfloat16,16384,256,0,dao_plus_quant,23.054200410842896,23.048600554466248,23.057599365711212,5,True
NVIDIA H200,bfloat16,16384,256,0,guard/mma_split,11.572200059890747,11.556000262498856,11.609599739313126,5,True
NVIDIA H200,bfloat16,16384,256,0,guard/warp,4.954599961638451,4.947400093078613,4.989799857139587,5,True
NVIDIA H200,bfloat16,16384,256,1,dao,11.46719977259636,11.4656001329422,11.503800004720688,5,True
NVIDIA H200,bfloat16,16384,256,1,dao_plus_quant,22.918599843978882,22.892600297927856,22.948400676250458,5,True
NVIDIA H200,bfloat16,16384,256,1,guard/mma_split,11.189600080251694,11.170999705791473,11.198599636554718,5,True
NVIDIA H200,bfloat16,16384,256,1,guard/warp,5.138599872589111,5.136600136756897,5.1872000098228455,5,True
NVIDIA H200,bfloat16,16384,64,0,dao,11.33039966225624,11.330000311136246,11.333200335502625,5,True
NVIDIA H200,bfloat16,16384,64,0,dao_plus_quant,22.39300012588501,22.38900065422058,22.468000650405884,5,True
NVIDIA H200,bfloat16,16384,64,0,guard/mma_split,4.802799969911575,4.7651998698711395,4.898599907755852,5,True
NVIDIA H200,bfloat16,16384,64,0,guard/warp,2.7946000918745995,2.778800018131733,2.799000032246113,5,True
NVIDIA H200,bfloat16,16384,64,1,dao,11.316400021314621,11.313600093126297,11.321999877691269,5,True
NVIDIA H200,bfloat16,16384,64,1,dao_plus_quant,22.46679961681366,22.392000257968903,22.49619960784912,5,True
NVIDIA H200,bfloat16,16384,64,1,guard/mma_split,4.419000074267387,4.408600181341171,4.421599954366684,5,True
NVIDIA H200,bfloat16,16384,64,1,guard/warp,2.7767999097704887,2.759999968111515,2.7828000485897064,5,True
NVIDIA H200,float16,1,128,0,dao,1.5584000386297703,1.5413999557495117,1.5611999668180943,5,True
NVIDIA H200,float16,1,128,0,dao_plus_quant,2.691599912941456,2.6906000450253487,2.692599967122078,5,True
NVIDIA H200,float16,1,128,0,guard/mma_split,1.405400037765503,1.4047999866306782,1.4072000049054623,5,True
NVIDIA H200,float16,1,128,0,guard/warp,1.3427999801933765,1.3411999680101871,1.3435999862849712,5,True
NVIDIA H200,float16,1,128,1,dao,1.5737999230623245,1.5728000551462173,1.576399989426136,5,True
NVIDIA H200,float16,1,128,1,dao_plus_quant,2.7125999331474304,2.7117999270558357,2.7135999873280525,5,True
NVIDIA H200,float16,1,128,1,guard/mma_split,1.421200018376112,1.4035999774932861,1.422599982470274,5,True
NVIDIA H200,float16,1,128,1,guard/warp,1.325399987399578,1.3237999752163887,1.3264000415802002,5,True
NVIDIA H200,float16,1,256,0,dao,1.5879999846220016,1.586800068616867,1.5890000388026237,5,True
NVIDIA H200,float16,1,256,0,dao_plus_quant,2.775599993765354,2.7739999815821648,2.7761999517679214,5,True
NVIDIA H200,float16,1,256,0,guard/mma_split,2.2393999621272087,2.237600088119507,2.2401999682188034,5,True
NVIDIA H200,float16,1,256,0,guard/warp,1.3824000023305416,1.3819999992847443,1.3881999999284744,5,True
NVIDIA H200,float16,1,256,1,dao,1.575000025331974,1.573999971151352,1.5761999413371086,5,True
NVIDIA H200,float16,1,256,1,dao_plus_quant,2.7966000139713287,2.7955999597907066,2.798599936068058,5,True
NVIDIA H200,float16,1,256,1,guard/mma_split,2.3754000663757324,2.3716000840067863,2.3760000243782997,5,True
NVIDIA H200,float16,1,256,1,guard/warp,1.377199962735176,1.3749999925494194,1.3783999718725681,5,True
NVIDIA H200,float16,1,64,0,dao,1.5107999555766582,1.508999988436699,1.512799970805645,5,True
NVIDIA H200,float16,1,64,0,dao_plus_quant,2.8680000454187393,2.866999991238117,2.8694000095129013,5,True
NVIDIA H200,float16,1,64,0,guard/mma_split,1.2881999835371971,1.285799965262413,1.2896000407636166,5,True
NVIDIA H200,float16,1,64,0,guard/warp,1.2901999987661839,1.2893999926745892,1.2915999628603458,5,True
NVIDIA H200,float16,1,64,1,dao,1.540399994701147,1.5375999733805656,1.5412000007927418,5,True
NVIDIA H200,float16,1,64,1,dao_plus_quant,2.862600050866604,2.860799990594387,2.865399979054928,5,True
NVIDIA H200,float16,1,64,1,guard/mma_split,1.296599954366684,1.283199992030859,1.2972000055015087,5,True
NVIDIA H200,float16,1,64,1,guard/warp,1.3410000130534172,1.339999958872795,1.3414000160992146,5,True
NVIDIA H200,float16,128,128,0,dao,1.6930000856518745,1.6912000253796577,1.6938000917434692,5,True
NVIDIA H200,float16,128,128,0,dao_plus_quant,3.143800050020218,3.1428001821041107,3.1456001102924347,5,True
NVIDIA H200,float16,128,128,0,guard/mma_split,2.29519996792078,2.2603999823331833,2.311999909579754,5,True
NVIDIA H200,float16,128,128,0,guard/warp,1.4770000241696835,1.4588000252842903,1.4782000333070755,5,True
NVIDIA H200,float16,128,128,1,dao,1.6793999820947647,1.67859997600317,1.681400090456009,5,True
NVIDIA H200,float16,128,128,1,dao_plus_quant,3.1463999301195145,3.1442001461982727,3.1484000384807587,5,True
NVIDIA H200,float16,128,128,1,guard/mma_split,2.404399961233139,2.4035999551415443,2.4064000695943832,5,True
NVIDIA H200,float16,128,128,1,guard/warp,1.4630000106990337,1.460999995470047,1.4782000333070755,5,True
NVIDIA H200,float16,128,256,0,dao,1.6666000708937645,1.662999950349331,1.6821999102830887,5,True
NVIDIA H200,float16,128,256,0,dao_plus_quant,3.240799903869629,3.239399939775467,3.2416000962257385,5,True
NVIDIA H200,float16,128,256,0,guard/mma_split,2.3414000868797302,2.3375999182462692,2.3429999127984047,5,True
NVIDIA H200,float16,128,256,0,guard/warp,1.5666000545024872,1.564599946141243,1.5672000125050545,5,True
NVIDIA H200,float16,128,256,1,dao,1.7141999676823616,1.7125999554991722,1.7163999378681183,5,True
NVIDIA H200,float16,128,256,1,dao_plus_quant,3.22519987821579,3.223999962210655,3.2255999743938446,5,True
NVIDIA H200,float16,128,256,1,guard/mma_split,2.4372000247240067,2.436400018632412,2.439800091087818,5,True
NVIDIA H200,float16,128,256,1,guard/warp,1.5690000727772713,1.5680000185966492,1.571200042963028,5,True
NVIDIA H200,float16,128,64,0,dao,1.685200072824955,1.6842000186443329,1.6855999827384949,5,True
NVIDIA H200,float16,128,64,0,dao_plus_quant,3.1050000339746475,3.102800063788891,3.106199949979782,5,True
NVIDIA H200,float16,128,64,0,guard/mma_split,2.784400060772896,2.783999964594841,2.7879999950528145,5,True
NVIDIA H200,float16,128,64,0,guard/warp,1.4816000126302242,1.463400013744831,1.4828000217676163,5,True
NVIDIA H200,float16,128,64,1,dao,1.6853999346494675,1.664399914443493,1.6871999949216843,5,True
NVIDIA H200,float16,128,64,1,dao_plus_quant,3.1314000487327576,3.130200132727623,3.1328000128269196,5,True
NVIDIA H200,float16,128,64,1,guard/mma_split,2.3256000131368637,2.308199927210808,2.3277999833226204,5,True
NVIDIA H200,float16,128,64,1,guard/warp,1.4550000429153442,1.454600039869547,1.4568000100553036,5,True
NVIDIA H200,float16,131072,128,0,dao,80.6581974029541,80.64659833908081,80.82540035247803,5,True
NVIDIA H200,float16,131072,128,0,dao_plus_quant,161.23859882354736,160.89320182800293,161.2746000289917,5,True
NVIDIA H200,float16,131072,128,0,guard/mma_split,38.858601450920105,38.83500099182129,38.89560103416443,5,True
NVIDIA H200,float16,131072,128,0,guard/warp,22.30059951543808,22.287599742412567,22.371399402618408,5,True
NVIDIA H200,float16,131072,128,1,dao,80.65699934959412,80.63279986381531,80.81820011138916,5,True
NVIDIA H200,float16,131072,128,1,dao_plus_quant,160.91279983520508,160.88579893112183,161.27840280532837,5,True
NVIDIA H200,float16,131072,128,1,guard/mma_split,39.33440148830414,39.325401186943054,39.354801177978516,5,True
NVIDIA H200,float16,131072,128,1,guard/warp,22.257000207901,22.24999964237213,22.293999791145325,5,True
NVIDIA H200,float16,131072,256,0,dao,80.73980212211609,80.66819906234741,80.75940012931824,5,True
NVIDIA H200,float16,131072,256,0,dao_plus_quant,161.7300033569336,161.5731954574585,161.74960136413574,5,True
NVIDIA H200,float16,131072,256,0,guard/mma_split,75.1114010810852,75.06700158119202,75.17319917678833,5,True
NVIDIA H200,float16,131072,256,0,guard/warp,35.48339903354645,35.46999990940094,35.53580045700073,5,True
NVIDIA H200,float16,131072,256,1,dao,80.72540163993835,80.66499829292297,80.74880242347717,5,True
NVIDIA H200,float16,131072,256,1,dao_plus_quant,161.7166042327881,161.56740188598633,161.7408037185669,5,True
NVIDIA H200,float16,131072,256,1,guard/mma_split,72.7183997631073,72.67820239067078,72.77979850769043,5,True
NVIDIA H200,float16,131072,256,1,guard/warp,35.955798625946045,35.94920039176941,35.991400480270386,5,True
NVIDIA H200,float16,131072,64,0,dao,80.48419952392578,80.48139810562134,80.49479722976685,5,True
NVIDIA H200,float16,131072,64,0,dao_plus_quant,160.67099571228027,160.66299676895142,160.68040132522583,5,True
NVIDIA H200,float16,131072,64,0,guard/mma_split,22.30760008096695,22.2680002450943,22.321200370788574,5,True
NVIDIA H200,float16,131072,64,0,guard/warp,13.4660005569458,13.425600528717041,13.475200533866882,5,True
NVIDIA H200,float16,131072,64,1,dao,80.50339818000793,80.50119876861572,80.51620125770569,5,True
NVIDIA H200,float16,131072,64,1,dao_plus_quant,160.66800355911255,160.66160202026367,160.6786012649536,5,True
NVIDIA H200,float16,131072,64,1,guard/mma_split,20.926600694656372,20.77679932117462,20.94939947128296,5,True
NVIDIA H200,float16,131072,64,1,guard/warp,13.650999963283539,13.588200509548187,13.672199845314026,5,True
NVIDIA H200,float16,16384,128,0,dao,11.389999836683273,11.38560026884079,11.422400176525116,5,True
NVIDIA H200,float16,16384,128,0,dao_plus_quant,22.519800066947937,22.50320017337799,22.536399960517883,5,True
NVIDIA H200,float16,16384,128,0,guard/mma_split,6.404600292444229,6.380400061607361,6.4052000641822815,5,True
NVIDIA H200,float16,16384,128,0,guard/warp,3.9204001426696777,3.917599841952324,3.925200179219246,5,True
NVIDIA H200,float16,16384,128,1,dao,11.401999741792679,11.400599777698517,11.429200321435928,5,True
NVIDIA H200,float16,16384,128,1,dao_plus_quant,22.520199418067932,22.50639945268631,22.526000440120697,5,True
NVIDIA H200,float16,16384,128,1,guard/mma_split,6.483399868011475,6.479199975728989,6.51639997959137,5,True
NVIDIA H200,float16,16384,128,1,guard/warp,3.924800083041191,3.9197999984025955,3.9923999458551407,5,True
NVIDIA H200,float16,16384,256,0,dao,11.497999727725983,11.473000049591064,11.533799767494202,5,True
NVIDIA H200,float16,16384,256,0,dao_plus_quant,23.04520010948181,23.021599650382996,23.048000037670135,5,True
NVIDIA H200,float16,16384,256,0,guard/mma_split,11.181800067424774,11.169800162315369,11.199600249528885,5,True
NVIDIA H200,float16,16384,256,0,guard/warp,5.168399959802628,5.166799947619438,5.176199972629547,5,True
NVIDIA H200,float16,16384,256,1,dao,11.503399908542633,11.474400013685226,11.514800041913986,5,True
NVIDIA H200,float16,16384,256,1,dao_plus_quant,22.96759933233261,22.937600314617157,22.97320067882538,5,True
NVIDIA H200,float16,16384,256,1,guard/mma_split,10.80700010061264,10.798200219869614,10.829400271177292,5,True
NVIDIA H200,float16,16384,256,1,guard/warp,4.964200034737587,4.947799816727638,4.973600059747696,5,True
NVIDIA H200,float16,16384,64,0,dao,11.318600177764893,11.316400021314621,11.321999877691269,5,True
NVIDIA H200,float16,16384,64,0,dao_plus_quant,22.390800714492798,22.390200197696686,22.4140003323555,5,True
NVIDIA H200,float16,16384,64,0,guard/mma_split,4.788000136613846,4.772400110960007,4.890599846839905,5,True
NVIDIA H200,float16,16384,64,0,guard/warp,2.7950000017881393,2.7914000675082207,2.7963999658823013,5,True
NVIDIA H200,float16,16384,64,1,dao,11.313799768686295,11.312799900770187,11.314599961042404,5,True
NVIDIA H200,float16,16384,64,1,dao_plus_quant,22.411000728607178,22.40760028362274,22.48460054397583,5,True
NVIDIA H200,float16,16384,64,1,guard/mma_split,4.226800054311752,4.2249999940395355,4.249399900436401,5,True
NVIDIA H200,float16,16384,64,1,guard/warp,2.789600007236004,2.78719998896122,2.7907999232411385,5,True
