gpu,dtype,tokens,head_dim,normalize,backend,round,us,max_abs,pass,nodes,replays,measurement
NVIDIA H200,float16,1,64,0,dao,0,1.512799970805645,0.0,True,16,10,graph_amortized_device
NVIDIA H200,float16,1,64,0,dao_plus_quant,0,2.8680000454187393,,True,16,10,graph_amortized_device
NVIDIA H200,float16,1,64,0,guard/warp,0,1.2910000048577785,0.0,True,16,10,graph_amortized_device
NVIDIA H200,float16,1,64,0,guard/mma_split,0,1.285799965262413,0.0,True,16,10,graph_amortized_device
NVIDIA H200,float16,1,64,0,dao,1,1.5096000395715237,0.0,True,16,10,graph_amortized_device
NVIDIA H200,float16,1,64,0,guard/mma_split,1,1.2892000377178192,0.0,True,16,10,graph_amortized_device
NVIDIA H200,float16,1,64,0,guard/warp,1,1.2893999926745892,0.0,True,16,10,graph_amortized_device
NVIDIA H200,float16,1,64,0,dao_plus_quant,1,2.867400087416172,,True,16,10,graph_amortized_device
NVIDIA H200,float16,1,64,0,guard/warp,2,1.290000043809414,0.0,True,16,10,graph_amortized_device
NVIDIA H200,float16,1,64,0,guard/mma_split,2,1.2896000407636166,0.0,True,16,10,graph_amortized_device
NVIDIA H200,float16,1,64,0,dao,2,1.508999988436699,0.0,True,16,10,graph_amortized_device
NVIDIA H200,float16,1,64,0,dao_plus_quant,2,2.866999991238117,,True,16,10,graph_amortized_device
NVIDIA H200,float16,1,64,0,guard/warp,3,1.2915999628603458,0.0,True,16,10,graph_amortized_device
NVIDIA H200,float16,1,64,0,dao_plus_quant,3,2.8694000095129013,,True,16,10,graph_amortized_device
NVIDIA H200,float16,1,64,0,dao,3,1.5110000036656857,0.0,True,16,10,graph_amortized_device
NVIDIA H200,float16,1,64,0,guard/mma_split,3,1.2877999804913998,0.0,True,16,10,graph_amortized_device
NVIDIA H200,float16,1,64,0,dao,4,1.5107999555766582,0.0,True,16,10,graph_amortized_device
NVIDIA H200,float16,1,64,0,dao_plus_quant,4,2.869199961423874,,True,16,10,graph_amortized_device
NVIDIA H200,float16,1,64,0,guard/warp,4,1.2901999987661839,0.0,True,16,10,graph_amortized_device
NVIDIA H200,float16,1,64,0,guard/mma_split,4,1.2881999835371971,0.0,True,16,10,graph_amortized_device
NVIDIA H200,float16,1,64,1,dao,0,1.5412000007927418,0.0,True,16,10,graph_amortized_device
NVIDIA H200,float16,1,64,1,dao_plus_quant,0,2.862600050866604,,True,16,10,graph_amortized_device
NVIDIA H200,float16,1,64,1,guard/warp,0,1.3410000130534172,0.0,True,16,10,graph_amortized_device
NVIDIA H200,float16,1,64,1,guard/mma_split,0,1.296599954366684,0.0,True,16,10,graph_amortized_device
NVIDIA H200,float16,1,64,1,dao,1,1.5410000458359718,0.0,True,16,10,graph_amortized_device
NVIDIA H200,float16,1,64,1,guard/mma_split,1,1.283199992030859,0.0,True,16,10,graph_amortized_device
NVIDIA H200,float16,1,64,1,guard/warp,1,1.3411999680101871,0.0,True,16,10,graph_amortized_device
NVIDIA H200,float16,1,64,1,dao_plus_quant,1,2.862600050866604,,True,16,10,graph_amortized_device
NVIDIA H200,float16,1,64,1,guard/warp,2,1.3406000100076199,0.0,True,16,10,graph_amortized_device
NVIDIA H200,float16,1,64,1,guard/mma_split,2,1.2968000024557114,0.0,True,16,10,graph_amortized_device
NVIDIA H200,float16,1,64,1,dao,2,1.5399999916553497,0.0,True,16,10,graph_amortized_device
NVIDIA H200,float16,1,64,1,dao_plus_quant,2,2.865399979054928,,True,16,10,graph_amortized_device
NVIDIA H200,float16,1,64,1,guard/warp,3,1.3414000160992146,0.0,True,16,10,graph_amortized_device
NVIDIA H200,float16,1,64,1,dao_plus_quant,3,2.8637999668717384,,True,16,10,graph_amortized_device
NVIDIA H200,float16,1,64,1,dao,3,1.540399994701147,0.0,True,16,10,graph_amortized_device
NVIDIA H200,float16,1,64,1,guard/mma_split,3,1.2972000055015087,0.0,True,16,10,graph_amortized_device
NVIDIA H200,float16,1,64,1,dao,4,1.5375999733805656,0.0,True,16,10,graph_amortized_device
NVIDIA H200,float16,1,64,1,dao_plus_quant,4,2.860799990594387,,True,16,10,graph_amortized_device
NVIDIA H200,float16,1,64,1,guard/warp,4,1.339999958872795,0.0,True,16,10,graph_amortized_device
NVIDIA H200,float16,1,64,1,guard/mma_split,4,1.283199992030859,0.0,True,16,10,graph_amortized_device
NVIDIA H200,float16,128,64,0,dao,0,1.6842000186443329,0.0,True,16,10,graph_amortized_device
NVIDIA H200,float16,128,64,0,dao_plus_quant,0,3.106199949979782,,True,16,10,graph_amortized_device
NVIDIA H200,float16,128,64,0,guard/warp,0,1.463400013744831,0.0,True,16,10,graph_amortized_device
NVIDIA H200,float16,128,64,0,guard/mma_split,0,2.784400060772896,0.0,True,16,10,graph_amortized_device
NVIDIA H200,float16,128,64,0,dao,1,1.6855999827384949,0.0,True,16,10,graph_amortized_device
NVIDIA H200,float16,128,64,0,guard/mma_split,1,2.784400060772896,0.0,True,16,10,graph_amortized_device
NVIDIA H200,float16,128,64,0,guard/warp,1,1.4828000217676163,0.0,True,16,10,graph_amortized_device
NVIDIA H200,float16,128,64,0,dao_plus_quant,1,3.1029999256134033,,True,16,10,graph_amortized_device
NVIDIA H200,float16,128,64,0,guard/warp,2,1.4816000126302242,0.0,True,16,10,graph_amortized_device
NVIDIA H200,float16,128,64,0,guard/mma_split,2,2.7879999950528145,0.0,True,16,10,graph_amortized_device
NVIDIA H200,float16,128,64,0,dao,2,1.6847999766469002,0.0,True,16,10,graph_amortized_device
NVIDIA H200,float16,128,64,0,dao_plus_quant,2,3.102800063788891,,True,16,10,graph_amortized_device
NVIDIA H200,float16,128,64,0,guard/warp,3,1.482400018721819,0.0,True,16,10,graph_amortized_device
NVIDIA H200,float16,128,64,0,dao_plus_quant,3,3.1050000339746475,,True,16,10,graph_amortized_device
NVIDIA H200,float16,128,64,0,dao,3,1.685200072824955,0.0,True,16,10,graph_amortized_device
NVIDIA H200,float16,128,64,0,guard/mma_split,3,2.783999964594841,0.0,True,16,10,graph_amortized_device
NVIDIA H200,float16,128,64,0,dao,4,1.6853999346494675,0.0,True,16,10,graph_amortized_device
NVIDIA H200,float16,128,64,0,dao_plus_quant,4,3.1053999438881874,,True,16,10,graph_amortized_device
NVIDIA H200,float16,128,64,0,guard/warp,4,1.4808000065386295,0.0,True,16,10,graph_amortized_device
NVIDIA H200,float16,128,64,0,guard/mma_split,4,2.7852000668644905,0.0,True,16,10,graph_amortized_device
NVIDIA H200,float16,128,64,1,dao,0,1.664399914443493,0.0,True,16,10,graph_amortized_device
NVIDIA H200,float16,128,64,1,dao_plus_quant,0,3.130200132727623,,True,16,10,graph_amortized_device
NVIDIA H200,float16,128,64,1,guard/warp,0,1.4568000100553036,0.0,True,16,10,graph_amortized_device
NVIDIA H200,float16,128,64,1,guard/mma_split,0,2.311599999666214,0.0,True,16,10,graph_amortized_device
NVIDIA H200,float16,128,64,1,dao,1,1.6868000850081444,0.0,True,16,10,graph_amortized_device
NVIDIA H200,float16,128,64,1,guard/mma_split,1,2.308199927210808,0.0,True,16,10,graph_amortized_device
NVIDIA H200,float16,128,64,1,guard/warp,1,1.4550000429153442,0.0,True,16,10,graph_amortized_device
NVIDIA H200,float16,128,64,1,dao_plus_quant,1,3.1318001449108124,,True,16,10,graph_amortized_device
NVIDIA H200,float16,128,64,1,guard/warp,2,1.4547999948263168,0.0,True,16,10,graph_amortized_device
NVIDIA H200,float16,128,64,1,guard/mma_split,2,2.3256000131368637,0.0,True,16,10,graph_amortized_device
NVIDIA H200,float16,128,64,1,dao,2,1.666400022804737,0.0,True,16,10,graph_amortized_device
NVIDIA H200,float16,128,64,1,dao_plus_quant,2,3.1328000128269196,,True,16,10,graph_amortized_device
NVIDIA H200,float16,128,64,1,guard/warp,3,1.454600039869547,0.0,True,16,10,graph_amortized_device
NVIDIA H200,float16,128,64,1,dao_plus_quant,3,3.1314000487327576,,True,16,10,graph_amortized_device
NVIDIA H200,float16,128,64,1,dao,3,1.6871999949216843,0.0,True,16,10,graph_amortized_device
NVIDIA H200,float16,128,64,1,guard/mma_split,3,2.3277999833226204,0.0,True,16,10,graph_amortized_device
NVIDIA H200,float16,128,64,1,dao,4,1.6853999346494675,0.0,True,16,10,graph_amortized_device
NVIDIA H200,float16,128,64,1,dao_plus_quant,4,3.1309999525547028,,True,16,10,graph_amortized_device
NVIDIA H200,float16,128,64,1,guard/warp,4,1.4551999978721142,0.0,True,16,10,graph_amortized_device
NVIDIA H200,float16,128,64,1,guard/mma_split,4,2.325800061225891,0.0,True,16,10,graph_amortized_device
NVIDIA H200,float16,16384,64,0,dao,0,11.321999877691269,0.0,True,16,10,graph_amortized_device
NVIDIA H200,float16,16384,64,0,dao_plus_quant,0,22.4140003323555,,True,16,10,graph_amortized_device
NVIDIA H200,float16,16384,64,0,guard/warp,0,2.7925999835133553,0.0,True,16,10,graph_amortized_device
NVIDIA H200,float16,16384,64,0,guard/mma_split,0,4.772400110960007,1.52587890625e-05,True,16,10,graph_amortized_device
NVIDIA H200,float16,16384,64,0,dao,1,11.318600177764893,0.0,True,16,10,graph_amortized_device
NVIDIA H200,float16,16384,64,0,guard/mma_split,1,4.788000136613846,1.52587890625e-05,True,16,10,graph_amortized_device
NVIDIA H200,float16,16384,64,0,guard/warp,1,2.7914000675082207,0.0,True,16,10,graph_amortized_device
NVIDIA H200,float16,16384,64,0,dao_plus_quant,1,22.39059954881668,,True,16,10,graph_amortized_device
NVIDIA H200,float16,16384,64,0,guard/warp,2,2.7963999658823013,0.0,True,16,10,graph_amortized_device
NVIDIA H200,float16,16384,64,0,guard/mma_split,2,4.890599846839905,1.52587890625e-05,True,16,10,graph_amortized_device
NVIDIA H200,float16,16384,64,0,dao,2,11.316400021314621,0.0,True,16,10,graph_amortized_device
NVIDIA H200,float16,16384,64,0,dao_plus_quant,2,22.397199273109436,,True,16,10,graph_amortized_device
NVIDIA H200,float16,16384,64,0,guard/warp,3,2.7963999658823013,0.0,True,16,10,graph_amortized_device
NVIDIA H200,float16,16384,64,0,dao_plus_quant,3,22.390200197696686,,True,16,10,graph_amortized_device
NVIDIA H200,float16,16384,64,0,dao,3,11.316999793052673,0.0,True,16,10,graph_amortized_device
NVIDIA H200,float16,16384,64,0,guard/mma_split,3,4.859200119972229,1.52587890625e-05,True,16,10,graph_amortized_device
NVIDIA H200,float16,16384,64,0,dao,4,11.321400105953217,0.0,True,16,10,graph_amortized_device
NVIDIA H200,float16,16384,64,0,dao_plus_quant,4,22.390800714492798,,True,16,10,graph_amortized_device
NVIDIA H200,float16,16384,64,0,guard/warp,4,2.7950000017881393,0.0,True,16,10,graph_amortized_device
NVIDIA H200,float16,16384,64,0,guard/mma_split,4,4.785199835896492,1.52587890625e-05,True,16,10,graph_amortized_device
NVIDIA H200,float16,16384,64,1,dao,0,11.314599961042404,0.0,True,16,10,graph_amortized_device
NVIDIA H200,float16,16384,64,1,dao_plus_quant,0,22.48460054397583,,True,16,10,graph_amortized_device
NVIDIA H200,float16,16384,64,1,guard/warp,0,2.789600007236004,0.0,True,16,10,graph_amortized_device
NVIDIA H200,float16,16384,64,1,guard/mma_split,0,4.249399900436401,3.0517578125e-05,True,16,10,graph_amortized_device
NVIDIA H200,float16,16384,64,1,dao,1,11.313600093126297,0.0,True,16,10,graph_amortized_device
NVIDIA H200,float16,16384,64,1,guard/mma_split,1,4.226800054311752,3.0517578125e-05,True,16,10,graph_amortized_device
NVIDIA H200,float16,16384,64,1,guard/warp,1,2.78719998896122,0.0,True,16,10,graph_amortized_device
NVIDIA H200,float16,16384,64,1,dao_plus_quant,1,22.479799389839172,,True,16,10,graph_amortized_device
NVIDIA H200,float16,16384,64,1,guard/warp,2,2.7907999232411385,0.0,True,16,10,graph_amortized_device
NVIDIA H200,float16,16384,64,1,guard/mma_split,2,4.2249999940395355,3.0517578125e-05,True,16,10,graph_amortized_device
NVIDIA H200,float16,16384,64,1,dao,2,11.312799900770187,0.0,True,16,10,graph_amortized_device
NVIDIA H200,float16,16384,64,1,dao_plus_quant,2,22.40760028362274,,True,16,10,graph_amortized_device
NVIDIA H200,float16,16384,64,1,guard/warp,3,2.7890000492334366,0.0,True,16,10,graph_amortized_device
NVIDIA H200,float16,16384,64,1,dao_plus_quant,3,22.411000728607178,,True,16,10,graph_amortized_device
NVIDIA H200,float16,16384,64,1,dao,3,11.313799768686295,0.0,True,16,10,graph_amortized_device
NVIDIA H200,float16,16384,64,1,guard/mma_split,3,4.237800091505051,3.0517578125e-05,True,16,10,graph_amortized_device
NVIDIA H200,float16,16384,64,1,dao,4,11.314400285482407,0.0,True,16,10,graph_amortized_device
NVIDIA H200,float16,16384,64,1,dao_plus_quant,4,22.40920066833496,,True,16,10,graph_amortized_device
NVIDIA H200,float16,16384,64,1,guard/warp,4,2.790600061416626,0.0,True,16,10,graph_amortized_device
NVIDIA H200,float16,16384,64,1,guard/mma_split,4,4.226800054311752,3.0517578125e-05,True,16,10,graph_amortized_device
NVIDIA H200,float16,131072,64,0,dao,0,80.49420118331909,0.0,True,16,10,graph_amortized_device
NVIDIA H200,float16,131072,64,0,dao_plus_quant,0,160.68040132522583,,True,16,10,graph_amortized_device
NVIDIA H200,float16,131072,64,0,guard/warp,0,13.4660005569458,0.0,True,16,10,graph_amortized_device
NVIDIA H200,float16,131072,64,0,guard/mma_split,0,22.2680002450943,0.000244140625,True,16,10,graph_amortized_device
NVIDIA H200,float16,131072,64,0,dao,1,80.48139810562134,0.0,True,16,10,graph_amortized_device
NVIDIA H200,float16,131072,64,0,guard/mma_split,1,22.279399633407593,0.000244140625,True,16,10,graph_amortized_device
NVIDIA H200,float16,131072,64,0,guard/warp,1,13.425600528717041,0.0,True,16,10,graph_amortized_device
NVIDIA H200,float16,131072,64,0,dao_plus_quant,1,160.67299842834473,,True,16,10,graph_amortized_device
NVIDIA H200,float16,131072,64,0,guard/warp,2,13.474200665950775,0.0,True,16,10,graph_amortized_device
NVIDIA H200,float16,131072,64,0,guard/mma_split,2,22.321200370788574,0.000244140625,True,16,10,graph_amortized_device
NVIDIA H200,float16,131072,64,0,dao,2,80.48239946365356,0.0,True,16,10,graph_amortized_device
NVIDIA H200,float16,131072,64,0,dao_plus_quant,2,160.66839694976807,,True,16,10,graph_amortized_device
NVIDIA H200,float16,131072,64,0,guard/warp,3,13.475200533866882,0.0,True,16,10,graph_amortized_device
NVIDIA H200,float16,131072,64,0,dao_plus_quant,3,160.66299676895142,,True,16,10,graph_amortized_device
NVIDIA H200,float16,131072,64,0,dao,3,80.49479722976685,0.0,True,16,10,graph_amortized_device
NVIDIA H200,float16,131072,64,0,guard/mma_split,3,22.318799793720245,0.000244140625,True,16,10,graph_amortized_device
NVIDIA H200,float16,131072,64,0,dao,4,80.48419952392578,0.0,True,16,10,graph_amortized_device
NVIDIA H200,float16,131072,64,0,dao_plus_quant,4,160.67099571228027,,True,16,10,graph_amortized_device
NVIDIA H200,float16,131072,64,0,guard/warp,4,13.43419998884201,0.0,True,16,10,graph_amortized_device
NVIDIA H200,float16,131072,64,0,guard/mma_split,4,22.30760008096695,0.000244140625,True,16,10,graph_amortized_device
NVIDIA H200,float16,131072,64,1,dao,0,80.50119876861572,0.0,True,16,10,graph_amortized_device
NVIDIA H200,float16,131072,64,1,dao_plus_quant,0,160.6786012649536,,True,16,10,graph_amortized_device
NVIDIA H200,float16,131072,64,1,guard/warp,0,13.650999963283539,0.0,True,16,10,graph_amortized_device
NVIDIA H200,float16,131072,64,1,guard/mma_split,0,20.94939947128296,0.0009765625,True,16,10,graph_amortized_device
NVIDIA H200,float16,131072,64,1,dao,1,80.50339818000793,0.0,True,16,10,graph_amortized_device
NVIDIA H200,float16,131072,64,1,guard/mma_split,1,20.934200286865234,0.0009765625,True,16,10,graph_amortized_device
NVIDIA H200,float16,131072,64,1,guard/warp,1,13.670399785041809,0.0,True,16,10,graph_amortized_device
NVIDIA H200,float16,131072,64,1,dao_plus_quant,1,160.66800355911255,,True,16,10,graph_amortized_device
NVIDIA H200,float16,131072,64,1,guard/warp,2,13.647599518299103,0.0,True,16,10,graph_amortized_device
NVIDIA H200,float16,131072,64,1,guard/mma_split,2,20.926600694656372,0.0009765625,True,16,10,graph_amortized_device
NVIDIA H200,float16,131072,64,1,dao,2,80.50259947776794,0.0,True,16,10,graph_amortized_device
NVIDIA H200,float16,131072,64,1,dao_plus_quant,2,160.6727957725525,,True,16,10,graph_amortized_device
NVIDIA H200,float16,131072,64,1,guard/warp,3,13.588200509548187,0.0,True,16,10,graph_amortized_device
NVIDIA H200,float16,131072,64,1,dao_plus_quant,3,160.66160202026367,,True,16,10,graph_amortized_device
NVIDIA H200,float16,131072,64,1,dao,3,80.51620125770569,0.0,True,16,10,graph_amortized_device
NVIDIA H200,float16,131072,64,1,guard/mma_split,3,20.800599455833435,0.0009765625,True,16,10,graph_amortized_device
NVIDIA H200,float16,131072,64,1,dao,4,80.51599860191345,0.0,True,16,10,graph_amortized_device
NVIDIA H200,float16,131072,64,1,dao_plus_quant,4,160.66299676895142,,True,16,10,graph_amortized_device
NVIDIA H200,float16,131072,64,1,guard/warp,4,13.672199845314026,0.0,True,16,10,graph_amortized_device
NVIDIA H200,float16,131072,64,1,guard/mma_split,4,20.77679932117462,0.0009765625,True,16,10,graph_amortized_device
NVIDIA H200,float16,1,128,0,dao,0,1.5598000027239323,0.0,True,16,10,graph_amortized_device
NVIDIA H200,float16,1,128,0,dao_plus_quant,0,2.691599912941456,,True,16,10,graph_amortized_device
NVIDIA H200,float16,1,128,0,guard/warp,0,1.3427999801933765,0.0,True,16,10,graph_amortized_device
NVIDIA H200,float16,1,128,0,guard/mma_split,0,1.4065999537706375,0.0,True,16,10,graph_amortized_device
NVIDIA H200,float16,1,128,0,dao,1,1.5413999557495117,0.0,True,16,10,graph_amortized_device
NVIDIA H200,float16,1,128,0,guard/mma_split,1,1.405400037765503,0.0,True,16,10,graph_amortized_device
NVIDIA H200,float16,1,128,0,guard/warp,1,1.3411999680101871,0.0,True,16,10,graph_amortized_device
NVIDIA H200,float16,1,128,0,dao_plus_quant,1,2.692599967122078,,True,16,10,graph_amortized_device
NVIDIA H200,float16,1,128,0,guard/warp,2,1.3434000313282013,0.0,True,16,10,graph_amortized_device
NVIDIA H200,float16,1,128,0,guard/mma_split,2,1.4072000049054623,0.0,True,16,10,graph_amortized_device
NVIDIA H200,float16,1,128,0,dao,2,1.5581999905407429,0.0,True,16,10,graph_amortized_device
NVIDIA H200,float16,1,128,0,dao_plus_quant,2,2.691599912941456,,True,16,10,graph_amortized_device
NVIDIA H200,float16,1,128,0,guard/warp,3,1.3419999741017818,0.0,True,16,10,graph_amortized_device
NVIDIA H200,float16,1,128,0,dao_plus_quant,3,2.6909999549388885,,True,16,10,graph_amortized_device
NVIDIA H200,float16,1,128,0,dao,3,1.5584000386297703,0.0,True,16,10,graph_amortized_device
NVIDIA H200,float16,1,128,0,guard/mma_split,3,1.4047999866306782,0.0,True,16,10,graph_amortized_device
NVIDIA H200,float16,1,128,0,dao,4,1.5611999668180943,0.0,True,16,10,graph_amortized_device
NVIDIA H200,float16,1,128,0,dao_plus_quant,4,2.6906000450253487,,True,16,10,graph_amortized_device
NVIDIA H200,float16,1,128,0,guard/warp,4,1.3435999862849712,0.0,True,16,10,graph_amortized_device
NVIDIA H200,float16,1,128,0,guard/mma_split,4,1.4051999896764755,0.0,True,16,10,graph_amortized_device
NVIDIA H200,float16,1,128,1,dao,0,1.5737999230623245,0.0,True,16,10,graph_amortized_device
NVIDIA H200,float16,1,128,1,dao_plus_quant,0,2.712400071322918,,True,16,10,graph_amortized_device
NVIDIA H200,float16,1,128,1,guard/warp,0,1.3261999934911728,0.0,True,16,10,graph_amortized_device
NVIDIA H200,float16,1,128,1,guard/mma_split,0,1.421200018376112,0.0,True,16,10,graph_amortized_device
NVIDIA H200,float16,1,128,1,dao,1,1.5728000551462173,0.0,True,16,10,graph_amortized_device
NVIDIA H200,float16,1,128,1,guard/mma_split,1,1.422599982470274,0.0,True,16,10,graph_amortized_device
NVIDIA H200,float16,1,128,1,guard/warp,1,1.3264000415802002,0.0,True,16,10,graph_amortized_device
NVIDIA H200,float16,1,128,1,dao_plus_quant,1,2.7117999270558357,,True,16,10,graph_amortized_device
NVIDIA H200,float16,1,128,1,guard/warp,2,1.3237999752163887,0.0,True,16,10,graph_amortized_device
NVIDIA H200,float16,1,128,1,guard/mma_split,2,1.4062000438570976,0.0,True,16,10,graph_amortized_device
NVIDIA H200,float16,1,128,1,dao,2,1.5737999230623245,0.0,True,16,10,graph_amortized_device
NVIDIA H200,float16,1,128,1,dao_plus_quant,2,2.712799981236458,,True,16,10,graph_amortized_device
NVIDIA H200,float16,1,128,1,guard/warp,3,1.324199978262186,0.0,True,16,10,graph_amortized_device
NVIDIA H200,float16,1,128,1,dao_plus_quant,3,2.7135999873280525,,True,16,10,graph_amortized_device
NVIDIA H200,float16,1,128,1,dao,3,1.576399989426136,0.0,True,16,10,graph_amortized_device
NVIDIA H200,float16,1,128,1,guard/mma_split,3,1.4221999794244766,0.0,True,16,10,graph_amortized_device
NVIDIA H200,float16,1,128,1,dao,4,1.5742000192403793,0.0,True,16,10,graph_amortized_device
NVIDIA H200,float16,1,128,1,dao_plus_quant,4,2.7125999331474304,,True,16,10,graph_amortized_device
NVIDIA H200,float16,1,128,1,guard/warp,4,1.325399987399578,0.0,True,16,10,graph_amortized_device
NVIDIA H200,float16,1,128,1,guard/mma_split,4,1.4035999774932861,0.0,True,16,10,graph_amortized_device
NVIDIA H200,float16,128,128,0,dao,0,1.6914000734686852,0.0,True,16,10,graph_amortized_device
NVIDIA H200,float16,128,128,0,dao_plus_quant,0,3.1456001102924347,,True,16,10,graph_amortized_device
NVIDIA H200,float16,128,128,0,guard/warp,0,1.4782000333070755,0.0,True,16,10,graph_amortized_device
NVIDIA H200,float16,128,128,0,guard/mma_split,0,2.2603999823331833,0.0,True,16,10,graph_amortized_device
NVIDIA H200,float16,128,128,0,dao,1,1.6938000917434692,0.0,True,16,10,graph_amortized_device
NVIDIA H200,float16,128,128,0,guard/mma_split,1,2.29519996792078,0.0,True,16,10,graph_amortized_device
NVIDIA H200,float16,128,128,0,guard/warp,1,1.4770000241696835,0.0,True,16,10,graph_amortized_device
NVIDIA H200,float16,128,128,0,dao_plus_quant,1,3.1429998576641083,,True,16,10,graph_amortized_device
NVIDIA H200,float16,128,128,0,guard/warp,2,1.4588000252842903,0.0,True,16,10,graph_amortized_device
NVIDIA H200,float16,128,128,0,guard/mma_split,2,2.3118000477552414,0.0,True,16,10,graph_amortized_device
NVIDIA H200,float16,128,128,0,dao,2,1.6930000856518745,0.0,True,16,10,graph_amortized_device
NVIDIA H200,float16,128,128,0,dao_plus_quant,2,3.1428001821041107,,True,16,10,graph_amortized_device
NVIDIA H200,float16,128,128,0,guard/warp,3,1.4774000272154808,0.0,True,16,10,graph_amortized_device
NVIDIA H200,float16,128,128,0,dao_plus_quant,3,3.1440000981092453,,True,16,10,graph_amortized_device
NVIDIA H200,float16,128,128,0,dao,3,1.6912000253796577,0.0,True,16,10,graph_amortized_device
NVIDIA H200,float16,128,128,0,guard/mma_split,3,2.2929999977350235,0.0,True,16,10,graph_amortized_device
NVIDIA H200,float16,128,128,0,dao,4,1.6930000856518745,0.0,True,16,10,graph_amortized_device
NVIDIA H200,float16,128,128,0,dao_plus_quant,4,3.143800050020218,,True,16,10,graph_amortized_device
NVIDIA H200,float16,128,128,0,guard/warp,4,1.4759999699890614,0.0,True,16,10,graph_amortized_device
NVIDIA H200,float16,128,128,0,guard/mma_split,4,2.311999909579754,0.0,True,16,10,graph_amortized_device
NVIDIA H200,float16,128,128,1,dao,0,1.6791999340057373,0.0,True,16,10,graph_amortized_device
NVIDIA H200,float16,128,128,1,dao_plus_quant,0,3.1442001461982727,,True,16,10,graph_amortized_device
NVIDIA H200,float16,128,128,1,guard/warp,0,1.4782000333070755,0.0,True,16,10,graph_amortized_device
NVIDIA H200,float16,128,128,1,guard/mma_split,0,2.404399961233139,0.0,True,16,10,graph_amortized_device
NVIDIA H200,float16,128,128,1,dao,1,1.67859997600317,0.0,True,16,10,graph_amortized_device
NVIDIA H200,float16,128,128,1,guard/mma_split,1,2.404800057411194,0.0,True,16,10,graph_amortized_device
NVIDIA H200,float16,128,128,1,guard/warp,1,1.4630000106990337,0.0,True,16,10,graph_amortized_device
NVIDIA H200,float16,128,128,1,dao_plus_quant,1,3.1474001705646515,,True,16,10,graph_amortized_device
NVIDIA H200,float16,128,128,1,guard/warp,2,1.4630000106990337,0.0,True,16,10,graph_amortized_device
NVIDIA H200,float16,128,128,1,guard/mma_split,2,2.4035999551415443,0.0,True,16,10,graph_amortized_device
NVIDIA H200,float16,128,128,1,dao,2,1.681400090456009,0.0,True,16,10,graph_amortized_device
NVIDIA H200,float16,128,128,1,dao_plus_quant,2,3.1484000384807587,,True,16,10,graph_amortized_device
NVIDIA H200,float16,128,128,1,guard/warp,3,1.460999995470047,0.0,True,16,10,graph_amortized_device
NVIDIA H200,float16,128,128,1,dao_plus_quant,3,3.1463999301195145,,True,16,10,graph_amortized_device
NVIDIA H200,float16,128,128,1,dao,3,1.6801999881863594,0.0,True,16,10,graph_amortized_device
NVIDIA H200,float16,128,128,1,guard/mma_split,3,2.4064000695943832,0.0,True,16,10,graph_amortized_device
NVIDIA H200,float16,128,128,1,dao,4,1.6793999820947647,0.0,True,16,10,graph_amortized_device
NVIDIA H200,float16,128,128,1,dao_plus_quant,4,3.1442001461982727,,True,16,10,graph_amortized_device
NVIDIA H200,float16,128,128,1,guard/warp,4,1.4630000106990337,0.0,True,16,10,graph_amortized_device
NVIDIA H200,float16,128,128,1,guard/mma_split,4,2.4041999131441116,0.0,True,16,10,graph_amortized_device
NVIDIA H200,float16,16384,128,0,dao,0,11.389999836683273,0.0,True,16,10,graph_amortized_device
NVIDIA H200,float16,16384,128,0,dao_plus_quant,0,22.5271999835968,,True,16,10,graph_amortized_device
NVIDIA H200,float16,16384,128,0,guard/warp,0,3.917599841952324,0.0,True,16,10,graph_amortized_device
NVIDIA H200,float16,16384,128,0,guard/mma_split,0,6.4052000641822815,0.0,True,16,10,graph_amortized_device
NVIDIA H200,float16,16384,128,0,dao,1,11.38560026884079,0.0,True,16,10,graph_amortized_device
NVIDIA H200,float16,16384,128,0,guard/mma_split,1,6.380400061607361,0.0,True,16,10,graph_amortized_device
NVIDIA H200,float16,16384,128,0,guard/warp,1,3.917599841952324,0.0,True,16,10,graph_amortized_device
NVIDIA H200,float16,16384,128,0,dao_plus_quant,1,22.509799897670746,,True,16,10,graph_amortized_device
NVIDIA H200,float16,16384,128,0,guard/warp,2,3.9204001426696777,0.0,True,16,10,graph_amortized_device
NVIDIA H200,float16,16384,128,0,guard/mma_split,2,6.404600292444229,0.0,True,16,10,graph_amortized_device
NVIDIA H200,float16,16384,128,0,dao,2,11.422400176525116,0.0,True,16,10,graph_amortized_device
NVIDIA H200,float16,16384,128,0,dao_plus_quant,2,22.519800066947937,,True,16,10,graph_amortized_device
NVIDIA H200,float16,16384,128,0,guard/warp,3,3.925200179219246,0.0,True,16,10,graph_amortized_device
NVIDIA H200,float16,16384,128,0,dao_plus_quant,3,22.536399960517883,,True,16,10,graph_amortized_device
NVIDIA H200,float16,16384,128,0,dao,3,11.388800293207169,0.0,True,16,10,graph_amortized_device
NVIDIA H200,float16,16384,128,0,guard/mma_split,3,6.404600292444229,0.0,True,16,10,graph_amortized_device
NVIDIA H200,float16,16384,128,0,dao,4,11.389999836683273,0.0,True,16,10,graph_amortized_device
NVIDIA H200,float16,16384,128,0,dao_plus_quant,4,22.50320017337799,,True,16,10,graph_amortized_device
NVIDIA H200,float16,16384,128,0,guard/warp,4,3.9250001311302185,0.0,True,16,10,graph_amortized_device
NVIDIA H200,float16,16384,128,0,guard/mma_split,4,6.3812002539634705,0.0,True,16,10,graph_amortized_device
NVIDIA H200,float16,16384,128,1,dao,0,11.400599777698517,0.0,True,16,10,graph_amortized_device
NVIDIA H200,float16,16384,128,1,dao_plus_quant,0,22.524000704288483,,True,16,10,graph_amortized_device
NVIDIA H200,float16,16384,128,1,guard/warp,0,3.9257999509572983,0.0,True,16,10,graph_amortized_device
NVIDIA H200,float16,16384,128,1,guard/mma_split,0,6.481999903917313,0.001953125,True,16,10,graph_amortized_device
NVIDIA H200,float16,16384,128,1,dao,1,11.401999741792679,0.0,True,16,10,graph_amortized_device
NVIDIA H200,float16,16384,128,1,guard/mma_split,1,6.479199975728989,0.001953125,True,16,10,graph_amortized_device
NVIDIA H200,float16,16384,128,1,guard/warp,1,3.9236001670360565,0.0,True,16,10,graph_amortized_device
NVIDIA H200,float16,16384,128,1,dao_plus_quant,1,22.50639945268631,,True,16,10,graph_amortized_device
NVIDIA H200,float16,16384,128,1,guard/warp,2,3.9197999984025955,0.0,True,16,10,graph_amortized_device
NVIDIA H200,float16,16384,128,1,guard/mma_split,2,6.483600288629532,0.001953125,True,16,10,graph_amortized_device
NVIDIA H200,float16,16384,128,1,dao,2,11.401599645614624,0.0,True,16,10,graph_amortized_device
NVIDIA H200,float16,16384,128,1,dao_plus_quant,2,22.526000440120697,,True,16,10,graph_amortized_device
NVIDIA H200,float16,16384,128,1,guard/warp,3,3.9923999458551407,0.0,True,16,10,graph_amortized_device
NVIDIA H200,float16,16384,128,1,dao_plus_quant,3,22.506800293922424,,True,16,10,graph_amortized_device
NVIDIA H200,float16,16384,128,1,dao,3,11.429200321435928,0.0,True,16,10,graph_amortized_device
NVIDIA H200,float16,16384,128,1,guard/mma_split,3,6.51639997959137,0.001953125,True,16,10,graph_amortized_device
NVIDIA H200,float16,16384,128,1,dao,4,11.40500009059906,0.0,True,16,10,graph_amortized_device
NVIDIA H200,float16,16384,128,1,dao_plus_quant,4,22.520199418067932,,True,16,10,graph_amortized_device
NVIDIA H200,float16,16384,128,1,guard/warp,4,3.924800083041191,0.0,True,16,10,graph_amortized_device
NVIDIA H200,float16,16384,128,1,guard/mma_split,4,6.483399868011475,0.001953125,True,16,10,graph_amortized_device
NVIDIA H200,float16,131072,128,0,dao,0,80.6581974029541,0.0,True,16,10,graph_amortized_device
NVIDIA H200,float16,131072,128,0,dao_plus_quant,0,160.89320182800293,,True,16,10,graph_amortized_device
NVIDIA H200,float16,131072,128,0,guard/warp,0,22.287599742412567,0.0,True,16,10,graph_amortized_device
NVIDIA H200,float16,131072,128,0,guard/mma_split,0,38.867199420928955,0.0,True,16,10,graph_amortized_device
NVIDIA H200,float16,131072,128,0,dao,1,80.64659833908081,0.0,True,16,10,graph_amortized_device
NVIDIA H200,float16,131072,128,0,guard/mma_split,1,38.83500099182129,0.0,True,16,10,graph_amortized_device
NVIDIA H200,float16,131072,128,0,guard/warp,1,22.29679971933365,0.0,True,16,10,graph_amortized_device
NVIDIA H200,float16,131072,128,0,dao_plus_quant,1,160.89719533920288,,True,16,10,graph_amortized_device
NVIDIA H200,float16,131072,128,0,guard/warp,2,22.30059951543808,0.0,True,16,10,graph_amortized_device
NVIDIA H200,float16,131072,128,0,guard/mma_split,2,38.858601450920105,0.0,True,16,10,graph_amortized_device
NVIDIA H200,float16,131072,128,0,dao,2,80.65159916877747,0.0,True,16,10,graph_amortized_device
NVIDIA H200,float16,131072,128,0,dao_plus_quant,2,161.24060153961182,,True,16,10,graph_amortized_device
NVIDIA H200,float16,131072,128,0,guard/warp,3,22.371399402618408,0.0,True,16,10,graph_amortized_device
NVIDIA H200,float16,131072,128,0,dao_plus_quant,3,161.23859882354736,,True,16,10,graph_amortized_device
NVIDIA H200,float16,131072,128,0,dao,3,80.82540035247803,0.0,True,16,10,graph_amortized_device
NVIDIA H200,float16,131072,128,0,guard/mma_split,3,38.89560103416443,0.0,True,16,10,graph_amortized_device
NVIDIA H200,float16,131072,128,0,dao,4,80.80440163612366,0.0,True,16,10,graph_amortized_device
NVIDIA H200,float16,131072,128,0,dao_plus_quant,4,161.2746000289917,,True,16,10,graph_amortized_device
NVIDIA H200,float16,131072,128,0,guard/warp,4,22.34800010919571,0.0,True,16,10,graph_amortized_device
NVIDIA H200,float16,131072,128,0,guard/mma_split,4,38.85720074176788,0.0,True,16,10,graph_amortized_device
NVIDIA H200,float16,131072,128,1,dao,0,80.65699934959412,0.0,True,16,10,graph_amortized_device
NVIDIA H200,float16,131072,128,1,dao_plus_quant,0,160.91079711914062,,True,16,10,graph_amortized_device
NVIDIA H200,float16,131072,128,1,guard/warp,0,22.257000207901,0.0,True,16,10,graph_amortized_device
NVIDIA H200,float16,131072,128,1,guard/mma_split,0,39.325401186943054,0.001953125,True,16,10,graph_amortized_device
NVIDIA H200,float16,131072,128,1,dao,1,80.63939809799194,0.0,True,16,10,graph_amortized_device
NVIDIA H200,float16,131072,128,1,guard/mma_split,1,39.331600069999695,0.001953125,True,16,10,graph_amortized_device
NVIDIA H200,float16,131072,128,1,guard/warp,1,22.25400060415268,0.0,True,16,10,graph_amortized_device
NVIDIA H200,float16,131072,128,1,dao_plus_quant,1,160.88579893112183,,True,16,10,graph_amortized_device
NVIDIA H200,float16,131072,128,1,guard/warp,2,22.24999964237213,0.0,True,16,10,graph_amortized_device
NVIDIA H200,float16,131072,128,1,guard/mma_split,2,39.35399949550629,0.001953125,True,16,10,graph_amortized_device
NVIDIA H200,float16,131072,128,1,dao,2,80.63279986381531,0.0,True,16,10,graph_amortized_device
NVIDIA H200,float16,131072,128,1,dao_plus_quant,2,160.91279983520508,,True,16,10,graph_amortized_device
NVIDIA H200,float16,131072,128,1,guard/warp,3,22.293999791145325,0.0,True,16,10,graph_amortized_device
NVIDIA H200,float16,131072,128,1,dao_plus_quant,3,161.25600337982178,,True,16,10,graph_amortized_device
NVIDIA H200,float16,131072,128,1,dao,3,80.81820011138916,0.0,True,16,10,graph_amortized_device
NVIDIA H200,float16,131072,128,1,guard/mma_split,3,39.354801177978516,0.001953125,True,16,10,graph_amortized_device
NVIDIA H200,float16,131072,128,1,dao,4,80.81579804420471,0.0,True,16,10,graph_amortized_device
NVIDIA H200,float16,131072,128,1,dao_plus_quant,4,161.27840280532837,,True,16,10,graph_amortized_device
NVIDIA H200,float16,131072,128,1,guard/warp,4,22.276799380779266,0.0,True,16,10,graph_amortized_device
NVIDIA H200,float16,131072,128,1,guard/mma_split,4,39.33440148830414,0.001953125,True,16,10,graph_amortized_device
NVIDIA H200,float16,1,256,0,dao,0,1.5879999846220016,0.0,True,16,10,graph_amortized_device
NVIDIA H200,float16,1,256,0,dao_plus_quant,0,2.775599993765354,,True,16,10,graph_amortized_device
NVIDIA H200,float16,1,256,0,guard/warp,0,1.3824000023305416,0.0,True,16,10,graph_amortized_device
NVIDIA H200,float16,1,256,0,guard/mma_split,0,2.239600010216236,0.0,True,16,10,graph_amortized_device
NVIDIA H200,float16,1,256,0,dao,1,1.5890000388026237,0.0,True,16,10,graph_amortized_device
NVIDIA H200,float16,1,256,0,guard/mma_split,1,2.237600088119507,0.0,True,16,10,graph_amortized_device
NVIDIA H200,float16,1,256,0,guard/warp,1,1.3819999992847443,0.0,True,16,10,graph_amortized_device
NVIDIA H200,float16,1,256,0,dao_plus_quant,1,2.774599939584732,,True,16,10,graph_amortized_device
NVIDIA H200,float16,1,256,0,guard/warp,2,1.3881999999284744,0.0,True,16,10,graph_amortized_device
NVIDIA H200,float16,1,256,0,guard/mma_split,2,2.237600088119507,0.0,True,16,10,graph_amortized_device
NVIDIA H200,float16,1,256,0,dao,2,1.586800068616867,0.0,True,16,10,graph_amortized_device
NVIDIA H200,float16,1,256,0,dao_plus_quant,2,2.7739999815821648,,True,16,10,graph_amortized_device
NVIDIA H200,float16,1,256,0,guard/warp,3,1.385200023651123,0.0,True,16,10,graph_amortized_device
NVIDIA H200,float16,1,256,0,dao_plus_quant,3,2.7761999517679214,,True,16,10,graph_amortized_device
NVIDIA H200,float16,1,256,0,dao,3,1.586800068616867,0.0,True,16,10,graph_amortized_device
NVIDIA H200,float16,1,256,0,guard/mma_split,3,2.2401999682188034,0.0,True,16,10,graph_amortized_device
NVIDIA H200,float16,1,256,0,dao,4,1.5887999907135963,0.0,True,16,10,graph_amortized_device
NVIDIA H200,float16,1,256,0,dao_plus_quant,4,2.7758000418543816,,True,16,10,graph_amortized_device
NVIDIA H200,float16,1,256,0,guard/warp,4,1.3824000023305416,0.0,True,16,10,graph_amortized_device
NVIDIA H200,float16,1,256,0,guard/mma_split,4,2.2393999621272087,0.0,True,16,10,graph_amortized_device
NVIDIA H200,float16,1,256,1,dao,0,1.573999971151352,0.0,True,16,10,graph_amortized_device
NVIDIA H200,float16,1,256,1,dao_plus_quant,0,2.7963999658823013,,True,16,10,graph_amortized_device
NVIDIA H200,float16,1,256,1,guard/warp,0,1.3778000138700008,0.0,True,16,10,graph_amortized_device
NVIDIA H200,float16,1,256,1,guard/mma_split,0,2.3744000121951103,0.0,True,16,10,graph_amortized_device
NVIDIA H200,float16,1,256,1,dao,1,1.575000025331974,0.0,True,16,10,graph_amortized_device
NVIDIA H200,float16,1,256,1,guard/mma_split,1,2.3760000243782997,0.0,True,16,10,graph_amortized_device
NVIDIA H200,float16,1,256,1,guard/warp,1,1.377199962735176,0.0,True,16,10,graph_amortized_device
NVIDIA H200,float16,1,256,1,dao_plus_quant,1,2.7977999299764633,,True,16,10,graph_amortized_device
NVIDIA H200,float16,1,256,1,guard/warp,2,1.3783999718725681,0.0,True,16,10,graph_amortized_device
NVIDIA H200,float16,1,256,1,guard/mma_split,2,2.3760000243782997,0.0,True,16,10,graph_amortized_device
NVIDIA H200,float16,1,256,1,dao,2,1.5755999833345413,0.0,True,16,10,graph_amortized_device
NVIDIA H200,float16,1,256,1,dao_plus_quant,2,2.798599936068058,,True,16,10,graph_amortized_device
NVIDIA H200,float16,1,256,1,guard/warp,3,1.3749999925494194,0.0,True,16,10,graph_amortized_device
NVIDIA H200,float16,1,256,1,dao_plus_quant,3,2.7966000139713287,,True,16,10,graph_amortized_device
NVIDIA H200,float16,1,256,1,dao,3,1.5761999413371086,0.0,True,16,10,graph_amortized_device
NVIDIA H200,float16,1,256,1,guard/mma_split,3,2.3716000840067863,0.0,True,16,10,graph_amortized_device
NVIDIA H200,float16,1,256,1,dao,4,1.5744000673294067,0.0,True,16,10,graph_amortized_device
NVIDIA H200,float16,1,256,1,dao_plus_quant,4,2.7955999597907066,,True,16,10,graph_amortized_device
NVIDIA H200,float16,1,256,1,guard/warp,4,1.3766000047326088,0.0,True,16,10,graph_amortized_device
NVIDIA H200,float16,1,256,1,guard/mma_split,4,2.3754000663757324,0.0,True,16,10,graph_amortized_device
NVIDIA H200,float16,128,256,0,dao,0,1.6666000708937645,0.0,True,16,10,graph_amortized_device
NVIDIA H200,float16,128,256,0,dao_plus_quant,0,3.240799903869629,,True,16,10,graph_amortized_device
NVIDIA H200,float16,128,256,0,guard/warp,0,1.564599946141243,0.0,True,16,10,graph_amortized_device
NVIDIA H200,float16,128,256,0,guard/mma_split,0,2.3375999182462692,0.0,True,16,10,graph_amortized_device
NVIDIA H200,float16,128,256,0,dao,1,1.6821999102830887,0.0,True,16,10,graph_amortized_device
NVIDIA H200,float16,128,256,0,guard/mma_split,1,2.339000068604946,0.0,True,16,10,graph_amortized_device
NVIDIA H200,float16,128,256,0,guard/warp,1,1.5666000545024872,0.0,True,16,10,graph_amortized_device
NVIDIA H200,float16,128,256,0,dao_plus_quant,1,3.239399939775467,,True,16,10,graph_amortized_device
NVIDIA H200,float16,128,256,0,guard/warp,2,1.5672000125050545,0.0,True,16,10,graph_amortized_device
NVIDIA H200,float16,128,256,0,guard/mma_split,2,2.3414000868797302,0.0,True,16,10,graph_amortized_device
NVIDIA H200,float16,128,256,0,dao,2,1.662999950349331,0.0,True,16,10,graph_amortized_device
NVIDIA H200,float16,128,256,0,dao_plus_quant,2,3.2416000962257385,,True,16,10,graph_amortized_device
NVIDIA H200,float16,128,256,0,guard/warp,3,1.5672000125050545,0.0,True,16,10,graph_amortized_device
NVIDIA H200,float16,128,256,0,dao_plus_quant,3,3.2409999519586563,,True,16,10,graph_amortized_device
NVIDIA H200,float16,128,256,0,dao,3,1.6637999564409256,0.0,True,16,10,graph_amortized_device
NVIDIA H200,float16,128,256,0,guard/mma_split,3,2.3429999127984047,0.0,True,16,10,graph_amortized_device
NVIDIA H200,float16,128,256,0,dao,4,1.6796000301837921,0.0,True,16,10,graph_amortized_device
NVIDIA H200,float16,128,256,0,dao_plus_quant,4,3.240799903869629,,True,16,10,graph_amortized_device
NVIDIA H200,float16,128,256,0,guard/warp,4,1.5661999583244324,0.0,True,16,10,graph_amortized_device
NVIDIA H200,float16,128,256,0,guard/mma_split,4,2.342600002884865,0.0,True,16,10,graph_amortized_device
NVIDIA H200,float16,128,256,1,dao,0,1.7125999554991722,0.0,True,16,10,graph_amortized_device
NVIDIA H200,float16,128,256,1,dao_plus_quant,0,3.223999962210655,,True,16,10,graph_amortized_device
NVIDIA H200,float16,128,256,1,guard/warp,0,1.569800078868866,0.0,True,16,10,graph_amortized_device
NVIDIA H200,float16,128,256,1,guard/mma_split,0,2.439800091087818,0.00048828125,True,16,10,graph_amortized_device
NVIDIA H200,float16,128,256,1,dao,1,1.7141999676823616,0.0,True,16,10,graph_amortized_device
NVIDIA H200,float16,128,256,1,guard/mma_split,1,2.4372000247240067,0.00048828125,True,16,10,graph_amortized_device
NVIDIA H200,float16,128,256,1,guard/warp,1,1.5688000246882439,0.0,True,16,10,graph_amortized_device
NVIDIA H200,float16,128,256,1,dao_plus_quant,1,3.22519987821579,,True,16,10,graph_amortized_device
NVIDIA H200,float16,128,256,1,guard/warp,2,1.5690000727772713,0.0,True,16,10,graph_amortized_device
NVIDIA H200,float16,128,256,1,guard/mma_split,2,2.4375999346375465,0.00048828125,True,16,10,graph_amortized_device
NVIDIA H200,float16,128,256,1,dao,2,1.714799925684929,0.0,True,16,10,graph_amortized_device
NVIDIA H200,float16,128,256,1,dao_plus_quant,2,3.2255999743938446,,True,16,10,graph_amortized_device
NVIDIA H200,float16,128,256,1,guard/warp,3,1.5680000185966492,0.0,True,16,10,graph_amortized_device
NVIDIA H200,float16,128,256,1,dao_plus_quant,3,3.2255999743938446,,True,16,10,graph_amortized_device
NVIDIA H200,float16,128,256,1,dao,3,1.7163999378681183,0.0,True,16,10,graph_amortized_device
NVIDIA H200,float16,128,256,1,guard/mma_split,3,2.436799928545952,0.00048828125,True,16,10,graph_amortized_device
NVIDIA H200,float16,128,256,1,dao,4,1.7141999676823616,0.0,True,16,10,graph_amortized_device
NVIDIA H200,float16,128,256,1,dao_plus_quant,4,3.224800154566765,,True,16,10,graph_amortized_device
NVIDIA H200,float16,128,256,1,guard/warp,4,1.571200042963028,0.0,True,16,10,graph_amortized_device
NVIDIA H200,float16,128,256,1,guard/mma_split,4,2.436400018632412,0.00048828125,True,16,10,graph_amortized_device
NVIDIA H200,float16,16384,256,0,dao,0,11.475799977779388,0.0,True,16,10,graph_amortized_device
NVIDIA H200,float16,16384,256,0,dao_plus_quant,0,23.048000037670135,,True,16,10,graph_amortized_device
NVIDIA H200,float16,16384,256,0,guard/warp,0,5.166799947619438,0.0,True,16,10,graph_amortized_device
NVIDIA H200,float16,16384,256,0,guard/mma_split,0,11.181800067424774,0.0,True,16,10,graph_amortized_device
NVIDIA H200,float16,16384,256,0,dao,1,11.518000066280365,0.0,True,16,10,graph_amortized_device
NVIDIA H200,float16,16384,256,0,guard/mma_split,1,11.184799671173096,0.0,True,16,10,graph_amortized_device
NVIDIA H200,float16,16384,256,0,guard/warp,1,5.168800055980682,0.0,True,16,10,graph_amortized_device
NVIDIA H200,float16,16384,256,0,dao_plus_quant,1,23.047800362110138,,True,16,10,graph_amortized_device
NVIDIA H200,float16,16384,256,0,guard/warp,2,5.176199972629547,0.0,True,16,10,graph_amortized_device
NVIDIA H200,float16,16384,256,0,guard/mma_split,2,11.169800162315369,0.0,True,16,10,graph_amortized_device
NVIDIA H200,float16,16384,256,0,dao,2,11.497999727725983,0.0,True,16,10,graph_amortized_device
NVIDIA H200,float16,16384,256,0,dao_plus_quant,2,23.04520010948181,,True,16,10,graph_amortized_device
NVIDIA H200,float16,16384,256,0,guard/warp,3,5.168399959802628,0.0,True,16,10,graph_amortized_device
NVIDIA H200,float16,16384,256,0,dao_plus_quant,3,23.035800457000732,,True,16,10,graph_amortized_device
NVIDIA H200,float16,16384,256,0,dao,3,11.533799767494202,0.0,True,16,10,graph_amortized_device
NVIDIA H200,float16,16384,256,0,guard/mma_split,3,11.199600249528885,0.0,True,16,10,graph_amortized_device
NVIDIA H200,float16,16384,256,0,dao,4,11.473000049591064,0.0,True,16,10,graph_amortized_device
NVIDIA H200,float16,16384,256,0,dao_plus_quant,4,23.021599650382996,,True,16,10,graph_amortized_device
NVIDIA H200,float16,16384,256,0,guard/warp,4,5.168399959802628,0.0,True,16,10,graph_amortized_device
NVIDIA H200,float16,16384,256,0,guard/mma_split,4,11.180999875068665,0.0,True,16,10,graph_amortized_device
NVIDIA H200,float16,16384,256,1,dao,0,11.474400013685226,0.0,True,16,10,graph_amortized_device
NVIDIA H200,float16,16384,256,1,dao_plus_quant,0,22.97320067882538,,True,16,10,graph_amortized_device
NVIDIA H200,float16,16384,256,1,guard/warp,0,4.947799816727638,0.0,True,16,10,graph_amortized_device
NVIDIA H200,float16,16384,256,1,guard/mma_split,0,10.829400271177292,0.0009765625,True,16,10,graph_amortized_device
NVIDIA H200,float16,16384,256,1,dao,1,11.489000171422958,0.0,True,16,10,graph_amortized_device
NVIDIA H200,float16,16384,256,1,guard/mma_split,1,10.827799886465073,0.0009765625,True,16,10,graph_amortized_device
NVIDIA H200,float16,16384,256,1,guard/warp,1,4.973600059747696,0.0,True,16,10,graph_amortized_device
NVIDIA H200,float16,16384,256,1,dao_plus_quant,1,22.968800365924835,,True,16,10,graph_amortized_device
NVIDIA H200,float16,16384,256,1,guard/warp,2,4.967200011014938,0.0,True,16,10,graph_amortized_device
NVIDIA H200,float16,16384,256,1,guard/mma_split,2,10.80700010061264,0.0009765625,True,16,10,graph_amortized_device
NVIDIA H200,float16,16384,256,1,dao,2,11.514800041913986,0.0,True,16,10,graph_amortized_device
NVIDIA H200,float16,16384,256,1,dao_plus_quant,2,22.937600314617157,,True,16,10,graph_amortized_device
NVIDIA H200,float16,16384,256,1,guard/warp,3,4.957199841737747,0.0,True,16,10,graph_amortized_device
NVIDIA H200,float16,16384,256,1,dao_plus_quant,3,22.96759933233261,,True,16,10,graph_amortized_device
NVIDIA H200,float16,16384,256,1,dao,3,11.507199704647064,0.0,True,16,10,graph_amortized_device
NVIDIA H200,float16,16384,256,1,guard/mma_split,3,10.802199691534042,0.0009765625,True,16,10,graph_amortized_device
NVIDIA H200,float16,16384,256,1,dao,4,11.503399908542633,0.0,True,16,10,graph_amortized_device
NVIDIA H200,float16,16384,256,1,dao_plus_quant,4,22.944200038909912,,True,16,10,graph_amortized_device
NVIDIA H200,float16,16384,256,1,guard/warp,4,4.964200034737587,0.0,True,16,10,graph_amortized_device
NVIDIA H200,float16,16384,256,1,guard/mma_split,4,10.798200219869614,0.0009765625,True,16,10,graph_amortized_device
NVIDIA H200,float16,131072,256,0,dao,0,80.67820072174072,0.0,True,16,10,graph_amortized_device
NVIDIA H200,float16,131072,256,0,dao_plus_quant,0,161.5731954574585,,True,16,10,graph_amortized_device
NVIDIA H200,float16,131072,256,0,guard/warp,0,35.47360002994537,0.0,True,16,10,graph_amortized_device
NVIDIA H200,float16,131072,256,0,guard/mma_split,0,75.09880065917969,0.0,True,16,10,graph_amortized_device
NVIDIA H200,float16,131072,256,0,dao,1,80.66819906234741,0.0,True,16,10,graph_amortized_device
NVIDIA H200,float16,131072,256,0,guard/mma_split,1,75.06700158119202,0.0,True,16,10,graph_amortized_device
NVIDIA H200,float16,131072,256,0,guard/warp,1,35.46999990940094,0.0,True,16,10,graph_amortized_device
NVIDIA H200,float16,131072,256,0,dao_plus_quant,1,161.7300033569336,,True,16,10,graph_amortized_device
NVIDIA H200,float16,131072,256,0,guard/warp,2,35.48339903354645,0.0,True,16,10,graph_amortized_device
NVIDIA H200,float16,131072,256,0,guard/mma_split,2,75.17319917678833,0.0,True,16,10,graph_amortized_device
NVIDIA H200,float16,131072,256,0,dao,2,80.74520230293274,0.0,True,16,10,graph_amortized_device
NVIDIA H200,float16,131072,256,0,dao_plus_quant,2,161.7382049560547,,True,16,10,graph_amortized_device
NVIDIA H200,float16,131072,256,0,guard/warp,3,35.486000776290894,0.0,True,16,10,graph_amortized_device
NVIDIA H200,float16,131072,256,0,dao_plus_quant,3,161.7110013961792,,True,16,10,graph_amortized_device
NVIDIA H200,float16,131072,256,0,dao,3,80.73980212211609,0.0,True,16,10,graph_amortized_device
NVIDIA H200,float16,131072,256,0,guard/mma_split,3,75.1114010810852,0.0,True,16,10,graph_amortized_device
NVIDIA H200,float16,131072,256,0,dao,4,80.75940012931824,0.0,True,16,10,graph_amortized_device
NVIDIA H200,float16,131072,256,0,dao_plus_quant,4,161.74960136413574,,True,16,10,graph_amortized_device
NVIDIA H200,float16,131072,256,0,guard/warp,4,35.53580045700073,0.0,True,16,10,graph_amortized_device
NVIDIA H200,float16,131072,256,0,guard/mma_split,4,75.16019940376282,0.0,True,16,10,graph_amortized_device
NVIDIA H200,float16,131072,256,1,dao,0,80.69199919700623,0.0,True,16,10,graph_amortized_device
NVIDIA H200,float16,131072,256,1,dao_plus_quant,0,161.56740188598633,,True,16,10,graph_amortized_device
NVIDIA H200,float16,131072,256,1,guard/warp,0,35.951998829841614,0.0,True,16,10,graph_amortized_device
NVIDIA H200,float16,131072,256,1,guard/mma_split,0,72.7183997631073,0.001953125,True,16,10,graph_amortized_device
NVIDIA H200,float16,131072,256,1,dao,1,80.66499829292297,0.0,True,16,10,graph_amortized_device
NVIDIA H200,float16,131072,256,1,guard/mma_split,1,72.70140051841736,0.001953125,True,16,10,graph_amortized_device
NVIDIA H200,float16,131072,256,1,guard/warp,1,35.94920039176941,0.0,True,16,10,graph_amortized_device
NVIDIA H200,float16,131072,256,1,dao_plus_quant,1,161.69500350952148,,True,16,10,graph_amortized_device
NVIDIA H200,float16,131072,256,1,guard/warp,2,35.955798625946045,0.0,True,16,10,graph_amortized_device
NVIDIA H200,float16,131072,256,1,guard/mma_split,2,72.71940112113953,0.001953125,True,16,10,graph_amortized_device
NVIDIA H200,float16,131072,256,1,dao,2,80.72540163993835,0.0,True,16,10,graph_amortized_device
NVIDIA H200,float16,131072,256,1,dao_plus_quant,2,161.7408037185669,,True,16,10,graph_amortized_device
NVIDIA H200,float16,131072,256,1,guard/warp,3,35.991400480270386,0.0,True,16,10,graph_amortized_device
NVIDIA H200,float16,131072,256,1,dao_plus_quant,3,161.7166042327881,,True,16,10,graph_amortized_device
NVIDIA H200,float16,131072,256,1,dao,3,80.74880242347717,0.0,True,16,10,graph_amortized_device
NVIDIA H200,float16,131072,256,1,guard/mma_split,3,72.77979850769043,0.001953125,True,16,10,graph_amortized_device
NVIDIA H200,float16,131072,256,1,dao,4,80.74259757995605,0.0,True,16,10,graph_amortized_device
NVIDIA H200,float16,131072,256,1,dao_plus_quant,4,161.7195963859558,,True,16,10,graph_amortized_device
NVIDIA H200,float16,131072,256,1,guard/warp,4,35.96299886703491,0.0,True,16,10,graph_amortized_device
NVIDIA H200,float16,131072,256,1,guard/mma_split,4,72.67820239067078,0.001953125,True,16,10,graph_amortized_device
NVIDIA H200,bfloat16,1,64,0,dao,0,1.544800028204918,0.0,True,16,10,graph_amortized_device
NVIDIA H200,bfloat16,1,64,0,dao_plus_quant,0,2.6976000517606735,,True,16,10,graph_amortized_device
NVIDIA H200,bfloat16,1,64,0,guard/warp,0,1.3163999654352665,0.0,True,16,10,graph_amortized_device
NVIDIA H200,bfloat16,1,64,0,guard/mma_split,0,1.4154000207781792,0.0,True,16,10,graph_amortized_device
NVIDIA H200,bfloat16,1,64,0,dao,1,1.5420000068843365,0.0,True,16,10,graph_amortized_device
NVIDIA H200,bfloat16,1,64,0,guard/mma_split,1,1.4175999909639359,0.0,True,16,10,graph_amortized_device
NVIDIA H200,bfloat16,1,64,0,guard/warp,1,1.316600013524294,0.0,True,16,10,graph_amortized_device
NVIDIA H200,bfloat16,1,64,0,dao_plus_quant,1,2.6965999975800514,,True,16,10,graph_amortized_device
NVIDIA H200,bfloat16,1,64,0,guard/warp,2,1.3141999952495098,0.0,True,16,10,graph_amortized_device
NVIDIA H200,bfloat16,1,64,0,guard/mma_split,2,1.4166000299155712,0.0,True,16,10,graph_amortized_device
NVIDIA H200,bfloat16,1,64,0,dao,2,1.5420000068843365,0.0,True,16,10,graph_amortized_device
NVIDIA H200,bfloat16,1,64,0,dao_plus_quant,2,2.6969999074935913,,True,16,10,graph_amortized_device
NVIDIA H200,bfloat16,1,64,0,guard/warp,3,1.3145999982953072,0.0,True,16,10,graph_amortized_device
NVIDIA H200,bfloat16,1,64,0,dao_plus_quant,3,2.698799967765808,,True,16,10,graph_amortized_device
NVIDIA H200,bfloat16,1,64,0,dao,3,1.5412000007927418,0.0,True,16,10,graph_amortized_device
NVIDIA H200,bfloat16,1,64,0,guard/mma_split,3,1.398599985986948,0.0,True,16,10,graph_amortized_device
NVIDIA H200,bfloat16,1,64,0,dao,4,1.5464000403881073,0.0,True,16,10,graph_amortized_device
NVIDIA H200,bfloat16,1,64,0,dao_plus_quant,4,2.6985999196767807,,True,16,10,graph_amortized_device
NVIDIA H200,bfloat16,1,64,0,guard/warp,4,1.3167999684810638,0.0,True,16,10,graph_amortized_device
NVIDIA H200,bfloat16,1,64,0,guard/mma_split,4,1.417400036007166,0.0,True,16,10,graph_amortized_device
NVIDIA H200,bfloat16,1,64,1,dao,0,1.5577999874949455,0.0,True,16,10,graph_amortized_device
NVIDIA H200,bfloat16,1,64,1,dao_plus_quant,0,2.705400064587593,,True,16,10,graph_amortized_device
NVIDIA H200,bfloat16,1,64,1,guard/warp,0,1.3101999647915363,0.0,True,16,10,graph_amortized_device
NVIDIA H200,bfloat16,1,64,1,guard/mma_split,0,1.4059999957680702,0.0,True,16,10,graph_amortized_device
NVIDIA H200,bfloat16,1,64,1,dao,1,1.5568000264465809,0.0,True,16,10,graph_amortized_device
NVIDIA H200,bfloat16,1,64,1,guard/mma_split,1,1.4084000140428543,0.0,True,16,10,graph_amortized_device
NVIDIA H200,bfloat16,1,64,1,guard/warp,1,1.3104000128805637,0.0,True,16,10,graph_amortized_device
NVIDIA H200,bfloat16,1,64,1,dao_plus_quant,1,2.703999914228916,,True,16,10,graph_amortized_device
NVIDIA H200,bfloat16,1,64,1,guard/warp,2,1.308399997651577,0.0,True,16,10,graph_amortized_device
NVIDIA H200,bfloat16,1,64,1,guard/mma_split,2,1.409200020134449,0.0,True,16,10,graph_amortized_device
NVIDIA H200,bfloat16,1,64,1,dao,2,1.559399999678135,0.0,True,16,10,graph_amortized_device
NVIDIA H200,bfloat16,1,64,1,dao_plus_quant,2,2.705400064587593,,True,16,10,graph_amortized_device
NVIDIA H200,bfloat16,1,64,1,guard/warp,3,1.2922000139951706,0.0,True,16,10,graph_amortized_device
NVIDIA H200,bfloat16,1,64,1,dao_plus_quant,3,2.7049999684095383,,True,16,10,graph_amortized_device
NVIDIA H200,bfloat16,1,64,1,dao,3,1.560799963772297,0.0,True,16,10,graph_amortized_device
NVIDIA H200,bfloat16,1,64,1,guard/mma_split,3,1.4077999629080296,0.0,True,16,10,graph_amortized_device
NVIDIA H200,bfloat16,1,64,1,dao,4,1.5564000234007835,0.0,True,16,10,graph_amortized_device
NVIDIA H200,bfloat16,1,64,1,dao_plus_quant,4,2.7038000524044037,,True,16,10,graph_amortized_device
NVIDIA H200,bfloat16,1,64,1,guard/warp,4,1.3089999556541443,0.0,True,16,10,graph_amortized_device
NVIDIA H200,bfloat16,1,64,1,guard/mma_split,4,1.408000010997057,0.0,True,16,10,graph_amortized_device
NVIDIA H200,bfloat16,128,64,0,dao,0,1.713399961590767,0.0,True,16,10,graph_amortized_device
NVIDIA H200,bfloat16,128,64,0,dao_plus_quant,0,3.1115999445319176,,True,16,10,graph_amortized_device
NVIDIA H200,bfloat16,128,64,0,guard/warp,0,1.4441999606788158,0.0,True,16,10,graph_amortized_device
NVIDIA H200,bfloat16,128,64,0,guard/mma_split,0,2.914400026202202,0.0,True,16,10,graph_amortized_device
NVIDIA H200,bfloat16,128,64,0,dao,1,1.7141999676823616,0.0,True,16,10,graph_amortized_device
NVIDIA H200,bfloat16,128,64,0,guard/mma_split,1,2.914400026202202,0.0,True,16,10,graph_amortized_device
NVIDIA H200,bfloat16,128,64,0,guard/warp,1,1.460999995470047,0.0,True,16,10,graph_amortized_device
NVIDIA H200,bfloat16,128,64,0,dao_plus_quant,1,3.075000084936619,,True,16,10,graph_amortized_device
NVIDIA H200,bfloat16,128,64,0,guard/warp,2,1.462399959564209,0.0,True,16,10,graph_amortized_device
NVIDIA H200,bfloat16,128,64,0,guard/mma_split,2,2.8988000005483627,0.0,True,16,10,graph_amortized_device
NVIDIA H200,bfloat16,128,64,0,dao,2,1.7123999074101448,0.0,True,16,10,graph_amortized_device
NVIDIA H200,bfloat16,128,64,0,dao_plus_quant,2,3.1477998942136765,,True,16,10,graph_amortized_device
NVIDIA H200,bfloat16,128,64,0,guard/warp,3,1.4627999626100063,0.0,True,16,10,graph_amortized_device
NVIDIA H200,bfloat16,128,64,0,dao_plus_quant,3,3.1115999445319176,,True,16,10,graph_amortized_device
NVIDIA H200,bfloat16,128,64,0,dao,3,1.7123999074101448,0.0,True,16,10,graph_amortized_device
NVIDIA H200,bfloat16,128,64,0,guard/mma_split,3,2.9117999598383904,0.0,True,16,10,graph_amortized_device
NVIDIA H200,bfloat16,128,64,0,dao,4,1.713000051677227,0.0,True,16,10,graph_amortized_device
NVIDIA H200,bfloat16,128,64,0,dao_plus_quant,4,3.1123999506235123,,True,16,10,graph_amortized_device
NVIDIA H200,bfloat16,128,64,0,guard/warp,4,1.4613999985158443,0.0,True,16,10,graph_amortized_device
NVIDIA H200,bfloat16,128,64,0,guard/mma_split,4,2.9146000742912292,0.0,True,16,10,graph_amortized_device
NVIDIA H200,bfloat16,128,64,1,dao,0,1.6777999699115753,0.0,True,16,10,graph_amortized_device
NVIDIA H200,bfloat16,128,64,1,dao_plus_quant,0,3.139200061559677,,True,16,10,graph_amortized_device
NVIDIA H200,bfloat16,128,64,1,guard/warp,0,1.4593999832868576,0.0,True,16,10,graph_amortized_device
NVIDIA H200,bfloat16,128,64,1,guard/mma_split,0,2.4744000285863876,0.0,True,16,10,graph_amortized_device
NVIDIA H200,bfloat16,128,64,1,dao,1,1.6780000180006027,0.0,True,16,10,graph_amortized_device
NVIDIA H200,bfloat16,128,64,1,guard/mma_split,1,2.4730000644922256,0.0,True,16,10,graph_amortized_device
NVIDIA H200,bfloat16,128,64,1,guard/warp,1,1.477999985218048,0.0,True,16,10,graph_amortized_device
NVIDIA H200,bfloat16,128,64,1,dao_plus_quant,1,3.139200061559677,,True,16,10,graph_amortized_device
NVIDIA H200,bfloat16,128,64,1,guard/warp,2,1.475599966943264,0.0,True,16,10,graph_amortized_device
NVIDIA H200,bfloat16,128,64,1,guard/mma_split,2,2.4747999384999275,0.0,True,16,10,graph_amortized_device
NVIDIA H200,bfloat16,128,64,1,dao,2,1.681400090456009,0.0,True,16,10,graph_amortized_device
NVIDIA H200,bfloat16,128,64,1,dao_plus_quant,2,3.141000121831894,,True,16,10,graph_amortized_device
NVIDIA H200,bfloat16,128,64,1,guard/warp,3,1.475400011986494,0.0,True,16,10,graph_amortized_device
NVIDIA H200,bfloat16,128,64,1,dao_plus_quant,3,3.1390000134706497,,True,16,10,graph_amortized_device
NVIDIA H200,bfloat16,128,64,1,dao,3,1.6791999340057373,0.0,True,16,10,graph_amortized_device
NVIDIA H200,bfloat16,128,64,1,guard/mma_split,3,2.473999932408333,0.0,True,16,10,graph_amortized_device
NVIDIA H200,bfloat16,128,64,1,dao,4,1.677200011909008,0.0,True,16,10,graph_amortized_device
NVIDIA H200,bfloat16,128,64,1,dao_plus_quant,4,3.1408000737428665,,True,16,10,graph_amortized_device
NVIDIA H200,bfloat16,128,64,1,guard/warp,4,1.4774000272154808,0.0,True,16,10,graph_amortized_device
NVIDIA H200,bfloat16,128,64,1,guard/mma_split,4,2.475599944591522,0.0,True,16,10,graph_amortized_device
NVIDIA H200,bfloat16,16384,64,0,dao,0,11.333200335502625,0.0,True,16,10,graph_amortized_device
NVIDIA H200,bfloat16,16384,64,0,dao_plus_quant,0,22.463199496269226,,True,16,10,graph_amortized_device
NVIDIA H200,bfloat16,16384,64,0,guard/warp,0,2.7966000139713287,0.0,True,16,10,graph_amortized_device
NVIDIA H200,bfloat16,16384,64,0,guard/mma_split,0,4.802799969911575,0.0,True,16,10,graph_amortized_device
NVIDIA H200,bfloat16,16384,64,0,dao,1,11.330799758434296,0.0,True,16,10,graph_amortized_device
NVIDIA H200,bfloat16,16384,64,0,guard/mma_split,1,4.898599907755852,0.0,True,16,10,graph_amortized_device
NVIDIA H200,bfloat16,16384,64,0,guard/warp,1,2.799000032246113,0.0,True,16,10,graph_amortized_device
NVIDIA H200,bfloat16,16384,64,0,dao_plus_quant,1,22.468000650405884,,True,16,10,graph_amortized_device
NVIDIA H200,bfloat16,16384,64,0,guard/warp,2,2.7946000918745995,0.0,True,16,10,graph_amortized_device
NVIDIA H200,bfloat16,16384,64,0,guard/mma_split,2,4.897800087928772,0.0,True,16,10,graph_amortized_device
NVIDIA H200,bfloat16,16384,64,0,dao,2,11.330000311136246,0.0,True,16,10,graph_amortized_device
NVIDIA H200,bfloat16,16384,64,0,dao_plus_quant,2,22.38900065422058,,True,16,10,graph_amortized_device
NVIDIA H200,bfloat16,16384,64,0,guard/warp,3,2.778800018131733,0.0,True,16,10,graph_amortized_device
NVIDIA H200,bfloat16,16384,64,0,dao_plus_quant,3,22.39300012588501,,True,16,10,graph_amortized_device
NVIDIA H200,bfloat16,16384,64,0,dao,3,11.330000311136246,0.0,True,16,10,graph_amortized_device
NVIDIA H200,bfloat16,16384,64,0,guard/mma_split,3,4.7651998698711395,0.0,True,16,10,graph_amortized_device
NVIDIA H200,bfloat16,16384,64,0,dao,4,11.33039966225624,0.0,True,16,10,graph_amortized_device
NVIDIA H200,bfloat16,16384,64,0,dao_plus_quant,4,22.39000052213669,,True,16,10,graph_amortized_device
NVIDIA H200,bfloat16,16384,64,0,guard/warp,4,2.7852000668644905,0.0,True,16,10,graph_amortized_device
NVIDIA H200,bfloat16,16384,64,0,guard/mma_split,4,4.784199967980385,0.0,True,16,10,graph_amortized_device
NVIDIA H200,bfloat16,16384,64,1,dao,0,11.31720021367073,0.0,True,16,10,graph_amortized_device
NVIDIA H200,bfloat16,16384,64,1,dao_plus_quant,0,22.46900051832199,,True,16,10,graph_amortized_device
NVIDIA H200,bfloat16,16384,64,1,guard/warp,0,2.7828000485897064,0.0,True,16,10,graph_amortized_device
NVIDIA H200,bfloat16,16384,64,1,guard/mma_split,0,4.419000074267387,0.0,True,16,10,graph_amortized_device
NVIDIA H200,bfloat16,16384,64,1,dao,1,11.321999877691269,0.0,True,16,10,graph_amortized_device
NVIDIA H200,bfloat16,16384,64,1,guard/mma_split,1,4.408600181341171,0.0,True,16,10,graph_amortized_device
NVIDIA H200,bfloat16,16384,64,1,guard/warp,1,2.7793999761343002,0.0,True,16,10,graph_amortized_device
NVIDIA H200,bfloat16,16384,64,1,dao_plus_quant,1,22.392000257968903,,True,16,10,graph_amortized_device
NVIDIA H200,bfloat16,16384,64,1,guard/warp,2,2.759999968111515,0.0,True,16,10,graph_amortized_device
NVIDIA H200,bfloat16,16384,64,1,guard/mma_split,2,4.419000074267387,0.0,True,16,10,graph_amortized_device
NVIDIA H200,bfloat16,16384,64,1,dao,2,11.316400021314621,0.0,True,16,10,graph_amortized_device
NVIDIA H200,bfloat16,16384,64,1,dao_plus_quant,2,22.49619960784912,,True,16,10,graph_amortized_device
NVIDIA H200,bfloat16,16384,64,1,guard/warp,3,2.7767999097704887,0.0,True,16,10,graph_amortized_device
NVIDIA H200,bfloat16,16384,64,1,dao_plus_quant,3,22.46679961681366,,True,16,10,graph_amortized_device
NVIDIA H200,bfloat16,16384,64,1,dao,3,11.316400021314621,0.0,True,16,10,graph_amortized_device
NVIDIA H200,bfloat16,16384,64,1,guard/mma_split,3,4.421599954366684,0.0,True,16,10,graph_amortized_device
NVIDIA H200,bfloat16,16384,64,1,dao,4,11.313600093126297,0.0,True,16,10,graph_amortized_device
NVIDIA H200,bfloat16,16384,64,1,dao_plus_quant,4,22.463800013065338,,True,16,10,graph_amortized_device
NVIDIA H200,bfloat16,16384,64,1,guard/warp,4,2.7636000886559486,0.0,True,16,10,graph_amortized_device
NVIDIA H200,bfloat16,16384,64,1,guard/mma_split,4,4.417800158262253,0.0,True,16,10,graph_amortized_device
NVIDIA H200,bfloat16,131072,64,0,dao,0,80.5154025554657,0.0,True,16,10,graph_amortized_device
NVIDIA H200,bfloat16,131072,64,0,dao_plus_quant,0,160.69120168685913,,True,16,10,graph_amortized_device
NVIDIA H200,bfloat16,131072,64,0,guard/warp,0,13.455599546432495,0.0,True,16,10,graph_amortized_device
NVIDIA H200,bfloat16,131072,64,0,guard/mma_split,0,21.526800096035004,0.0,True,16,10,graph_amortized_device
NVIDIA H200,bfloat16,131072,64,0,dao,1,80.50580024719238,0.0,True,16,10,graph_amortized_device
NVIDIA H200,bfloat16,131072,64,0,guard/mma_split,1,21.529799699783325,0.0,True,16,10,graph_amortized_device
NVIDIA H200,bfloat16,131072,64,0,guard/warp,1,13.47540020942688,0.0,True,16,10,graph_amortized_device
NVIDIA H200,bfloat16,131072,64,0,dao_plus_quant,1,160.6734037399292,,True,16,10,graph_amortized_device
NVIDIA H200,bfloat16,131072,64,0,guard/warp,2,13.448600471019745,0.0,True,16,10,graph_amortized_device
NVIDIA H200,bfloat16,131072,64,0,guard/mma_split,2,21.501800417900085,0.0,True,16,10,graph_amortized_device
NVIDIA H200,bfloat16,131072,64,0,dao,2,80.49659729003906,0.0,True,16,10,graph_amortized_device
NVIDIA H200,bfloat16,131072,64,0,dao_plus_quant,2,160.67960262298584,,True,16,10,graph_amortized_device
NVIDIA H200,bfloat16,131072,64,0,guard/warp,3,13.461199402809143,0.0,True,16,10,graph_amortized_device
NVIDIA H200,bfloat16,131072,64,0,dao_plus_quant,3,160.7010006904602,,True,16,10,graph_amortized_device
NVIDIA H200,bfloat16,131072,64,0,dao,3,80.5158019065857,0.0,True,16,10,graph_amortized_device
NVIDIA H200,bfloat16,131072,64,0,guard/mma_split,3,21.538999676704407,0.0,True,16,10,graph_amortized_device
NVIDIA H200,bfloat16,131072,64,0,dao,4,80.50299882888794,0.0,True,16,10,graph_amortized_device
NVIDIA H200,bfloat16,131072,64,0,dao_plus_quant,4,160.68060398101807,,True,16,10,graph_amortized_device
NVIDIA H200,bfloat16,131072,64,0,guard/warp,4,13.472400605678558,0.0,True,16,10,graph_amortized_device
NVIDIA H200,bfloat16,131072,64,0,guard/mma_split,4,21.54199928045273,0.0,True,16,10,graph_amortized_device
NVIDIA H200,bfloat16,131072,64,1,dao,0,80.52539825439453,0.0,True,16,10,graph_amortized_device
NVIDIA H200,bfloat16,131072,64,1,dao_plus_quant,0,160.68220138549805,,True,16,10,graph_amortized_device
NVIDIA H200,bfloat16,131072,64,1,guard/warp,0,13.77359926700592,0.0,True,16,10,graph_amortized_device
NVIDIA H200,bfloat16,131072,64,1,guard/mma_split,0,20.937399566173553,0.0,True,16,10,graph_amortized_device
NVIDIA H200,bfloat16,131072,64,1,dao,1,80.52780032157898,0.0,True,16,10,graph_amortized_device
NVIDIA H200,bfloat16,131072,64,1,guard/mma_split,1,20.913800597190857,0.0,True,16,10,graph_amortized_device
NVIDIA H200,bfloat16,131072,64,1,guard/warp,1,13.689200580120087,0.0,True,16,10,graph_amortized_device
NVIDIA H200,bfloat16,131072,64,1,dao_plus_quant,1,160.69680452346802,,True,16,10,graph_amortized_device
NVIDIA H200,bfloat16,131072,64,1,guard/warp,2,13.732999563217163,0.0,True,16,10,graph_amortized_device
NVIDIA H200,bfloat16,131072,64,1,guard/mma_split,2,20.906199514865875,0.0,True,16,10,graph_amortized_device
NVIDIA H200,bfloat16,131072,64,1,dao,2,80.51959872245789,0.0,True,16,10,graph_amortized_device
NVIDIA H200,bfloat16,131072,64,1,dao_plus_quant,2,160.67659854888916,,True,16,10,graph_amortized_device
NVIDIA H200,bfloat16,131072,64,1,guard/warp,3,13.760599493980408,0.0,True,16,10,graph_amortized_device
NVIDIA H200,bfloat16,131072,64,1,dao_plus_quant,3,160.67819595336914,,True,16,10,graph_amortized_device
NVIDIA H200,bfloat16,131072,64,1,dao,3,80.53020238876343,0.0,True,16,10,graph_amortized_device
NVIDIA H200,bfloat16,131072,64,1,guard/mma_split,3,20.925800502300262,0.0,True,16,10,graph_amortized_device
NVIDIA H200,bfloat16,131072,64,1,dao,4,80.53900003433228,0.0,True,16,10,graph_amortized_device
NVIDIA H200,bfloat16,131072,64,1,dao_plus_quant,4,160.6943964958191,,True,16,10,graph_amortized_device
NVIDIA H200,bfloat16,131072,64,1,guard/warp,4,13.744400441646576,0.0,True,16,10,graph_amortized_device
NVIDIA H200,bfloat16,131072,64,1,guard/mma_split,4,20.91120034456253,0.0,True,16,10,graph_amortized_device
NVIDIA H200,bfloat16,1,128,0,dao,0,1.4817999675869942,0.0,True,16,10,graph_amortized_device
NVIDIA H200,bfloat16,1,128,0,dao_plus_quant,0,2.7577999979257584,,True,16,10,graph_amortized_device
NVIDIA H200,bfloat16,1,128,0,guard/warp,0,1.4267999678850174,0.0,True,16,10,graph_amortized_device
NVIDIA H200,bfloat16,1,128,0,guard/mma_split,0,1.3926000334322453,0.0,True,16,10,graph_amortized_device
NVIDIA H200,bfloat16,1,128,0,dao,1,1.4816000126302242,0.0,True,16,10,graph_amortized_device
NVIDIA H200,bfloat16,1,128,0,guard/mma_split,1,1.3944000005722046,0.0,True,16,10,graph_amortized_device
NVIDIA H200,bfloat16,1,128,0,guard/warp,1,1.42620000988245,0.0,True,16,10,graph_amortized_device
NVIDIA H200,bfloat16,1,128,0,dao_plus_quant,1,2.7559999376535416,,True,16,10,graph_amortized_device
NVIDIA H200,bfloat16,1,128,0,guard/warp,2,1.4100000262260437,0.0,True,16,10,graph_amortized_device
NVIDIA H200,bfloat16,1,128,0,guard/mma_split,2,1.39359999448061,0.0,True,16,10,graph_amortized_device
NVIDIA H200,bfloat16,1,128,0,dao,2,1.4817999675869942,0.0,True,16,10,graph_amortized_device
NVIDIA H200,bfloat16,1,128,0,dao_plus_quant,2,2.7574000880122185,,True,16,10,graph_amortized_device
NVIDIA H200,bfloat16,1,128,0,guard/warp,3,1.4271999709308147,0.0,True,16,10,graph_amortized_device
NVIDIA H200,bfloat16,1,128,0,dao_plus_quant,3,2.7581999078392982,,True,16,10,graph_amortized_device
NVIDIA H200,bfloat16,1,128,0,dao,3,1.479800045490265,0.0,True,16,10,graph_amortized_device
NVIDIA H200,bfloat16,1,128,0,guard/mma_split,3,1.3907999731600285,0.0,True,16,10,graph_amortized_device
NVIDIA H200,bfloat16,1,128,0,dao,4,1.4833999797701836,0.0,True,16,10,graph_amortized_device
NVIDIA H200,bfloat16,1,128,0,dao_plus_quant,4,2.758600004017353,,True,16,10,graph_amortized_device
NVIDIA H200,bfloat16,1,128,0,guard/warp,4,1.4100000262260437,0.0,True,16,10,graph_amortized_device
NVIDIA H200,bfloat16,1,128,0,guard/mma_split,4,1.392200030386448,0.0,True,16,10,graph_amortized_device
NVIDIA H200,bfloat16,1,128,1,dao,0,1.4976000413298607,0.0,True,16,10,graph_amortized_device
NVIDIA H200,bfloat16,1,128,1,dao_plus_quant,0,2.7567999437451363,,True,16,10,graph_amortized_device
NVIDIA H200,bfloat16,1,128,1,guard/warp,0,1.4046000316739082,0.0,True,16,10,graph_amortized_device
NVIDIA H200,bfloat16,1,128,1,guard/mma_split,0,1.4329999685287476,0.0,True,16,10,graph_amortized_device
NVIDIA H200,bfloat16,1,128,1,dao,1,1.4977999962866306,0.0,True,16,10,graph_amortized_device
NVIDIA H200,bfloat16,1,128,1,guard/mma_split,1,1.4325999654829502,0.0,True,16,10,graph_amortized_device
NVIDIA H200,bfloat16,1,128,1,guard/warp,1,1.4039999805390835,0.0,True,16,10,graph_amortized_device
NVIDIA H200,bfloat16,1,128,1,dao_plus_quant,1,2.757200039923191,,True,16,10,graph_amortized_device
NVIDIA H200,bfloat16,1,128,1,guard/warp,2,1.4043999835848808,0.0,True,16,10,graph_amortized_device
NVIDIA H200,bfloat16,1,128,1,guard/mma_split,2,1.4336000196635723,0.0,True,16,10,graph_amortized_device
NVIDIA H200,bfloat16,1,128,1,dao,2,1.49959996342659,0.0,True,16,10,graph_amortized_device
NVIDIA H200,bfloat16,1,128,1,dao_plus_quant,2,2.755800075829029,,True,16,10,graph_amortized_device
NVIDIA H200,bfloat16,1,128,1,guard/warp,3,1.4051999896764755,0.0,True,16,10,graph_amortized_device
NVIDIA H200,bfloat16,1,128,1,dao_plus_quant,3,2.756199985742569,,True,16,10,graph_amortized_device
NVIDIA H200,bfloat16,1,128,1,dao,3,1.501800026744604,0.0,True,16,10,graph_amortized_device
NVIDIA H200,bfloat16,1,128,1,guard/mma_split,3,1.4154000207781792,0.0,True,16,10,graph_amortized_device
NVIDIA H200,bfloat16,1,128,1,dao,4,1.498399954289198,0.0,True,16,10,graph_amortized_device
NVIDIA H200,bfloat16,1,128,1,dao_plus_quant,4,2.7559999376535416,,True,16,10,graph_amortized_device
NVIDIA H200,bfloat16,1,128,1,guard/warp,4,1.4046000316739082,0.0,True,16,10,graph_amortized_device
NVIDIA H200,bfloat16,1,128,1,guard/mma_split,4,1.4325999654829502,0.0,True,16,10,graph_amortized_device
NVIDIA H200,bfloat16,128,128,0,dao,0,1.646599918603897,0.0,True,16,10,graph_amortized_device
NVIDIA H200,bfloat16,128,128,0,dao_plus_quant,0,3.179600089788437,,True,16,10,graph_amortized_device
NVIDIA H200,bfloat16,128,128,0,guard/warp,0,1.483600027859211,0.0,True,16,10,graph_amortized_device
NVIDIA H200,bfloat16,128,128,0,guard/mma_split,0,2.390200085937977,0.0,True,16,10,graph_amortized_device
NVIDIA H200,bfloat16,128,128,0,dao,1,1.6138000413775444,0.0,True,16,10,graph_amortized_device
NVIDIA H200,bfloat16,128,128,0,guard/mma_split,1,2.392599917948246,0.0,True,16,10,graph_amortized_device
NVIDIA H200,bfloat16,128,128,0,guard/warp,1,1.4825999736785889,0.0,True,16,10,graph_amortized_device
NVIDIA H200,bfloat16,128,128,0,dao_plus_quant,1,3.1780000776052475,,True,16,10,graph_amortized_device
NVIDIA H200,bfloat16,128,128,0,guard/warp,2,1.483600027859211,0.0,True,16,10,graph_amortized_device
NVIDIA H200,bfloat16,128,128,0,guard/mma_split,2,2.392200008034706,0.0,True,16,10,graph_amortized_device
NVIDIA H200,bfloat16,128,128,0,dao,2,1.6297999769449234,0.0,True,16,10,graph_amortized_device
NVIDIA H200,bfloat16,128,128,0,dao_plus_quant,2,3.139600157737732,,True,16,10,graph_amortized_device
NVIDIA H200,bfloat16,128,128,0,guard/warp,3,1.484800036996603,0.0,True,16,10,graph_amortized_device
NVIDIA H200,bfloat16,128,128,0,dao_plus_quant,3,3.141000121831894,,True,16,10,graph_amortized_device
NVIDIA H200,bfloat16,128,128,0,dao,3,1.6287999227643013,0.0,True,16,10,graph_amortized_device
NVIDIA H200,bfloat16,128,128,0,guard/mma_split,3,2.390800043940544,0.0,True,16,10,graph_amortized_device
NVIDIA H200,bfloat16,128,128,0,dao,4,1.64560005068779,0.0,True,16,10,graph_amortized_device
NVIDIA H200,bfloat16,128,128,0,dao_plus_quant,4,3.141999989748001,,True,16,10,graph_amortized_device
NVIDIA H200,bfloat16,128,128,0,guard/warp,4,1.4825999736785889,0.0,True,16,10,graph_amortized_device
NVIDIA H200,bfloat16,128,128,0,guard/mma_split,4,2.3905999958515167,0.0,True,16,10,graph_amortized_device
NVIDIA H200,bfloat16,128,128,1,dao,0,1.670599915087223,0.0,True,16,10,graph_amortized_device
NVIDIA H200,bfloat16,128,128,1,dao_plus_quant,0,3.1536001712083817,,True,16,10,graph_amortized_device
NVIDIA H200,bfloat16,128,128,1,guard/warp,0,1.495600026100874,0.0,True,16,10,graph_amortized_device
NVIDIA H200,bfloat16,128,128,1,guard/mma_split,0,2.539999969303608,0.0,True,16,10,graph_amortized_device
NVIDIA H200,bfloat16,128,128,1,dao,1,1.6710000112652779,0.0,True,16,10,graph_amortized_device
NVIDIA H200,bfloat16,128,128,1,guard/mma_split,1,2.5380000472068787,0.0,True,16,10,graph_amortized_device
NVIDIA H200,bfloat16,128,128,1,guard/warp,1,1.4976000413298607,0.0,True,16,10,graph_amortized_device
NVIDIA H200,bfloat16,128,128,1,dao_plus_quant,1,3.155200183391571,,True,16,10,graph_amortized_device
NVIDIA H200,bfloat16,128,128,1,guard/warp,2,1.4986000023782253,0.0,True,16,10,graph_amortized_device
NVIDIA H200,bfloat16,128,128,1,guard/mma_split,2,2.5402000173926353,0.0,True,16,10,graph_amortized_device
NVIDIA H200,bfloat16,128,128,1,dao,2,1.6540000215172768,0.0,True,16,10,graph_amortized_device
NVIDIA H200,bfloat16,128,128,1,dao_plus_quant,2,3.1543999910354614,,True,16,10,graph_amortized_device
NVIDIA H200,bfloat16,128,128,1,guard/warp,3,1.4960000291466713,0.0,True,16,10,graph_amortized_device
NVIDIA H200,bfloat16,128,128,1,dao_plus_quant,3,3.1530000269412994,,True,16,10,graph_amortized_device
NVIDIA H200,bfloat16,128,128,1,dao,3,1.670599915087223,0.0,True,16,10,graph_amortized_device
NVIDIA H200,bfloat16,128,128,1,guard/mma_split,3,2.5404000654816628,0.0,True,16,10,graph_amortized_device
NVIDIA H200,bfloat16,128,128,1,dao,4,1.6704000532627106,0.0,True,16,10,graph_amortized_device
NVIDIA H200,bfloat16,128,128,1,dao_plus_quant,4,3.154600039124489,,True,16,10,graph_amortized_device
NVIDIA H200,bfloat16,128,128,1,guard/warp,4,1.495799981057644,0.0,True,16,10,graph_amortized_device
NVIDIA H200,bfloat16,128,128,1,guard/mma_split,4,2.5415999814867973,0.0,True,16,10,graph_amortized_device
NVIDIA H200,bfloat16,16384,128,0,dao,0,11.385200172662735,0.0,True,16,10,graph_amortized_device
NVIDIA H200,bfloat16,16384,128,0,dao_plus_quant,0,22.50259965658188,,True,16,10,graph_amortized_device
NVIDIA H200,bfloat16,16384,128,0,guard/warp,0,3.9843998849391937,0.0,True,16,10,graph_amortized_device
NVIDIA H200,bfloat16,16384,128,0,guard/mma_split,0,6.480599939823151,0.0,True,16,10,graph_amortized_device
NVIDIA H200,bfloat16,16384,128,0,dao,1,11.379799991846085,0.0,True,16,10,graph_amortized_device
NVIDIA H200,bfloat16,16384,128,0,guard/mma_split,1,6.477999687194824,0.0,True,16,10,graph_amortized_device
NVIDIA H200,bfloat16,16384,128,0,guard/warp,1,3.9471998810768127,0.0,True,16,10,graph_amortized_device
NVIDIA H200,bfloat16,16384,128,0,dao_plus_quant,1,22.492599487304688,,True,16,10,graph_amortized_device
NVIDIA H200,bfloat16,16384,128,0,guard/warp,2,3.948799893260002,0.0,True,16,10,graph_amortized_device
NVIDIA H200,bfloat16,16384,128,0,guard/mma_split,2,6.476400047540665,0.0,True,16,10,graph_amortized_device
NVIDIA H200,bfloat16,16384,128,0,dao,2,11.375399678945541,0.0,True,16,10,graph_amortized_device
NVIDIA H200,bfloat16,16384,128,0,dao_plus_quant,2,22.494199872016907,,True,16,10,graph_amortized_device
NVIDIA H200,bfloat16,16384,128,0,guard/warp,3,3.950199857354164,0.0,True,16,10,graph_amortized_device
NVIDIA H200,bfloat16,16384,128,0,dao_plus_quant,3,22.498999536037445,,True,16,10,graph_amortized_device
NVIDIA H200,bfloat16,16384,128,0,dao,3,11.378200352191925,0.0,True,16,10,graph_amortized_device
NVIDIA H200,bfloat16,16384,128,0,guard/mma_split,3,6.475000083446503,0.0,True,16,10,graph_amortized_device
NVIDIA H200,bfloat16,16384,128,0,dao,4,11.381799727678299,0.0,True,16,10,graph_amortized_device
NVIDIA H200,bfloat16,16384,128,0,dao_plus_quant,4,22.497600317001343,,True,16,10,graph_amortized_device
NVIDIA H200,bfloat16,16384,128,0,guard/warp,4,3.94739992916584,0.0,True,16,10,graph_amortized_device
NVIDIA H200,bfloat16,16384,128,0,guard/mma_split,4,6.477399915456772,0.0,True,16,10,graph_amortized_device
NVIDIA H200,bfloat16,16384,128,1,dao,0,11.368600279092789,0.0,True,16,10,graph_amortized_device
NVIDIA H200,bfloat16,16384,128,1,dao_plus_quant,0,22.51580059528351,,True,16,10,graph_amortized_device
NVIDIA H200,bfloat16,16384,128,1,guard/warp,0,3.9315998554229736,0.0,True,16,10,graph_amortized_device
NVIDIA H200,bfloat16,16384,128,1,guard/mma_split,0,6.622800230979919,6.103515625e-05,True,16,10,graph_amortized_device
NVIDIA H200,bfloat16,16384,128,1,dao,1,11.36379987001419,0.0,True,16,10,graph_amortized_device
NVIDIA H200,bfloat16,16384,128,1,guard/mma_split,1,6.623999774456024,6.103515625e-05,True,16,10,graph_amortized_device
NVIDIA H200,bfloat16,16384,128,1,guard/warp,1,3.9298001676797867,0.0,True,16,10,graph_amortized_device
NVIDIA H200,bfloat16,16384,128,1,dao_plus_quant,1,22.50860035419464,,True,16,10,graph_amortized_device
NVIDIA H200,bfloat16,16384,128,1,guard/warp,2,3.9298001676797867,0.0,True,16,10,graph_amortized_device
NVIDIA H200,bfloat16,16384,128,1,guard/mma_split,2,6.6211998462677,6.103515625e-05,True,16,10,graph_amortized_device
NVIDIA H200,bfloat16,16384,128,1,dao,2,11.374399811029434,0.0,True,16,10,graph_amortized_device
NVIDIA H200,bfloat16,16384,128,1,dao_plus_quant,2,22.51580059528351,,True,16,10,graph_amortized_device
NVIDIA H200,bfloat16,16384,128,1,guard/warp,3,3.9629999548196793,0.0,True,16,10,graph_amortized_device
NVIDIA H200,bfloat16,16384,128,1,dao_plus_quant,3,22.510799765586853,,True,16,10,graph_amortized_device
NVIDIA H200,bfloat16,16384,128,1,dao,3,11.371199786663055,0.0,True,16,10,graph_amortized_device
NVIDIA H200,bfloat16,16384,128,1,guard/mma_split,3,6.626000255346298,6.103515625e-05,True,16,10,graph_amortized_device
NVIDIA H200,bfloat16,16384,128,1,dao,4,11.370199918746948,0.0,True,16,10,graph_amortized_device
NVIDIA H200,bfloat16,16384,128,1,dao_plus_quant,4,22.509999573230743,,True,16,10,graph_amortized_device
NVIDIA H200,bfloat16,16384,128,1,guard/warp,4,3.9315998554229736,0.0,True,16,10,graph_amortized_device
NVIDIA H200,bfloat16,16384,128,1,guard/mma_split,4,6.623200327157974,6.103515625e-05,True,16,10,graph_amortized_device
NVIDIA H200,bfloat16,131072,128,0,dao,0,80.64320087432861,0.0,True,16,10,graph_amortized_device
NVIDIA H200,bfloat16,131072,128,0,dao_plus_quant,0,160.91400384902954,,True,16,10,graph_amortized_device
NVIDIA H200,bfloat16,131072,128,0,guard/warp,0,22.281600534915924,0.0,True,16,10,graph_amortized_device
NVIDIA H200,bfloat16,131072,128,0,guard/mma_split,0,38.73479962348938,0.0,True,16,10,graph_amortized_device
NVIDIA H200,bfloat16,131072,128,0,dao,1,80.61699867248535,0.0,True,16,10,graph_amortized_device
NVIDIA H200,bfloat16,131072,128,0,guard/mma_split,1,38.76579999923706,0.0,True,16,10,graph_amortized_device
NVIDIA H200,bfloat16,131072,128,0,guard/warp,1,22.270800173282623,0.0,True,16,10,graph_amortized_device
NVIDIA H200,bfloat16,131072,128,0,dao_plus_quant,1,160.89340448379517,,True,16,10,graph_amortized_device
NVIDIA H200,bfloat16,131072,128,0,guard/warp,2,22.2803995013237,0.0,True,16,10,graph_amortized_device
NVIDIA H200,bfloat16,131072,128,0,guard/mma_split,2,38.76219987869263,0.0,True,16,10,graph_amortized_device
NVIDIA H200,bfloat16,131072,128,0,dao,2,80.72659969329834,0.0,True,16,10,graph_amortized_device
NVIDIA H200,bfloat16,131072,128,0,dao_plus_quant,2,161.23720407485962,,True,16,10,graph_amortized_device
NVIDIA H200,bfloat16,131072,128,0,guard/warp,3,22.305400669574738,0.0,True,16,10,graph_amortized_device
NVIDIA H200,bfloat16,131072,128,0,dao_plus_quant,3,161.26199960708618,,True,16,10,graph_amortized_device
NVIDIA H200,bfloat16,131072,128,0,dao,3,80.79140186309814,0.0,True,16,10,graph_amortized_device
NVIDIA H200,bfloat16,131072,128,0,guard/mma_split,3,38.731199502944946,0.0,True,16,10,graph_amortized_device
NVIDIA H200,bfloat16,131072,128,0,dao,4,80.7811975479126,0.0,True,16,10,graph_amortized_device
NVIDIA H200,bfloat16,131072,128,0,dao_plus_quant,4,161.2596035003662,,True,16,10,graph_amortized_device
NVIDIA H200,bfloat16,131072,128,0,guard/warp,4,22.317400574684143,0.0,True,16,10,graph_amortized_device
NVIDIA H200,bfloat16,131072,128,0,guard/mma_split,4,38.740599155426025,0.0,True,16,10,graph_amortized_device
NVIDIA H200,bfloat16,131072,128,1,dao,0,80.64640164375305,0.0,True,16,10,graph_amortized_device
NVIDIA H200,bfloat16,131072,128,1,dao_plus_quant,0,160.90060472488403,,True,16,10,graph_amortized_device
NVIDIA H200,bfloat16,131072,128,1,guard/warp,0,22.383399307727814,0.0,True,16,10,graph_amortized_device
NVIDIA H200,bfloat16,131072,128,1,guard/mma_split,0,38.351601362228394,0.00390625,True,16,10,graph_amortized_device
NVIDIA H200,bfloat16,131072,128,1,dao,1,80.62120079994202,0.0,True,16,10,graph_amortized_device
NVIDIA H200,bfloat16,131072,128,1,guard/mma_split,1,38.359999656677246,0.00390625,True,16,10,graph_amortized_device
NVIDIA H200,bfloat16,131072,128,1,guard/warp,1,22.357000410556793,0.0,True,16,10,graph_amortized_device
NVIDIA H200,bfloat16,131072,128,1,dao_plus_quant,1,160.87000370025635,,True,16,10,graph_amortized_device
NVIDIA H200,bfloat16,131072,128,1,guard/warp,2,22.39519953727722,0.0,True,16,10,graph_amortized_device
NVIDIA H200,bfloat16,131072,128,1,guard/mma_split,2,38.30940127372742,0.00390625,True,16,10,graph_amortized_device
NVIDIA H200,bfloat16,131072,128,1,dao,2,80.63380122184753,0.0,True,16,10,graph_amortized_device
NVIDIA H200,bfloat16,131072,128,1,dao_plus_quant,2,160.9246015548706,,True,16,10,graph_amortized_device
NVIDIA H200,bfloat16,131072,128,1,guard/warp,3,22.419600188732147,0.0,True,16,10,graph_amortized_device
NVIDIA H200,bfloat16,131072,128,1,dao_plus_quant,3,161.2504005432129,,True,16,10,graph_amortized_device
NVIDIA H200,bfloat16,131072,128,1,dao,3,80.79720139503479,0.0,True,16,10,graph_amortized_device
NVIDIA H200,bfloat16,131072,128,1,guard/mma_split,3,38.33459913730621,0.00390625,True,16,10,graph_amortized_device
NVIDIA H200,bfloat16,131072,128,1,dao,4,80.77359795570374,0.0,True,16,10,graph_amortized_device
NVIDIA H200,bfloat16,131072,128,1,dao_plus_quant,4,161.2454056739807,,True,16,10,graph_amortized_device
NVIDIA H200,bfloat16,131072,128,1,guard/warp,4,22.433799505233765,0.0,True,16,10,graph_amortized_device
NVIDIA H200,bfloat16,131072,128,1,guard/mma_split,4,38.34100067615509,0.00390625,True,16,10,graph_amortized_device
NVIDIA H200,bfloat16,1,256,0,dao,0,1.5188000164926052,0.0,True,16,10,graph_amortized_device
NVIDIA H200,bfloat16,1,256,0,dao_plus_quant,0,2.773600071668625,,True,16,10,graph_amortized_device
NVIDIA H200,bfloat16,1,256,0,guard/warp,0,1.476799976080656,0.0,True,16,10,graph_amortized_device
NVIDIA H200,bfloat16,1,256,0,guard/mma_split,0,2.283800020813942,0.0,True,16,10,graph_amortized_device
NVIDIA H200,bfloat16,1,256,0,dao,1,1.517799962311983,0.0,True,16,10,graph_amortized_device
NVIDIA H200,bfloat16,1,256,0,guard/mma_split,1,2.2843999788165092,0.0,True,16,10,graph_amortized_device
NVIDIA H200,bfloat16,1,256,0,guard/warp,1,1.475599966943264,0.0,True,16,10,graph_amortized_device
NVIDIA H200,bfloat16,1,256,0,dao_plus_quant,1,2.7713999152183533,,True,16,10,graph_amortized_device
NVIDIA H200,bfloat16,1,256,0,guard/warp,2,1.4783999882638454,0.0,True,16,10,graph_amortized_device
NVIDIA H200,bfloat16,1,256,0,guard/mma_split,2,2.286599949002266,0.0,True,16,10,graph_amortized_device
NVIDIA H200,bfloat16,1,256,0,dao,2,1.5169999562203884,0.0,True,16,10,graph_amortized_device
NVIDIA H200,bfloat16,1,256,0,dao_plus_quant,2,2.77319997549057,,True,16,10,graph_amortized_device
NVIDIA H200,bfloat16,1,256,0,guard/warp,3,1.476600021123886,0.0,True,16,10,graph_amortized_device
NVIDIA H200,bfloat16,1,256,0,dao_plus_quant,3,2.773600071668625,,True,16,10,graph_amortized_device
NVIDIA H200,bfloat16,1,256,0,dao,3,1.5184000134468079,0.0,True,16,10,graph_amortized_device
NVIDIA H200,bfloat16,1,256,0,guard/mma_split,3,2.2857999429106712,0.0,True,16,10,graph_amortized_device
NVIDIA H200,bfloat16,1,256,0,dao,4,1.5192000195384026,0.0,True,16,10,graph_amortized_device
NVIDIA H200,bfloat16,1,256,0,dao_plus_quant,4,2.772199921309948,,True,16,10,graph_amortized_device
NVIDIA H200,bfloat16,1,256,0,guard/warp,4,1.4750000089406967,0.0,True,16,10,graph_amortized_device
NVIDIA H200,bfloat16,1,256,0,guard/mma_split,4,2.286599949002266,0.0,True,16,10,graph_amortized_device
NVIDIA H200,bfloat16,1,256,1,dao,0,1.5081999823451042,0.0,True,16,10,graph_amortized_device
NVIDIA H200,bfloat16,1,256,1,dao_plus_quant,0,2.77280006557703,,True,16,10,graph_amortized_device
NVIDIA H200,bfloat16,1,256,1,guard/warp,0,1.5061999671161175,0.0,True,16,10,graph_amortized_device
NVIDIA H200,bfloat16,1,256,1,guard/mma_split,0,2.501400001347065,0.0,True,16,10,graph_amortized_device
NVIDIA H200,bfloat16,1,256,1,dao,1,1.5081999823451042,0.0,True,16,10,graph_amortized_device
NVIDIA H200,bfloat16,1,256,1,guard/mma_split,1,2.5019999593496323,0.0,True,16,10,graph_amortized_device
NVIDIA H200,bfloat16,1,256,1,guard/warp,1,1.503199990838766,0.0,True,16,10,graph_amortized_device
NVIDIA H200,bfloat16,1,256,1,dao_plus_quant,1,2.7715999633073807,,True,16,10,graph_amortized_device
NVIDIA H200,bfloat16,1,256,1,guard/warp,2,1.5026000328361988,0.0,True,16,10,graph_amortized_device
NVIDIA H200,bfloat16,1,256,1,guard/mma_split,2,2.501400001347065,0.0,True,16,10,graph_amortized_device
NVIDIA H200,bfloat16,1,256,1,dao,2,1.5093999914824963,0.0,True,16,10,graph_amortized_device
NVIDIA H200,bfloat16,1,256,1,dao_plus_quant,2,2.7729999274015427,,True,16,10,graph_amortized_device
NVIDIA H200,bfloat16,1,256,1,guard/warp,3,1.5027999877929688,0.0,True,16,10,graph_amortized_device
NVIDIA H200,bfloat16,1,256,1,dao_plus_quant,3,2.7726000174880028,,True,16,10,graph_amortized_device
NVIDIA H200,bfloat16,1,256,1,dao,3,1.5097999945282936,0.0,True,16,10,graph_amortized_device
NVIDIA H200,bfloat16,1,256,1,guard/mma_split,3,2.501000091433525,0.0,True,16,10,graph_amortized_device
NVIDIA H200,bfloat16,1,256,1,dao,4,1.5096000395715237,0.0,True,16,10,graph_amortized_device
NVIDIA H200,bfloat16,1,256,1,dao_plus_quant,4,2.773600071668625,,True,16,10,graph_amortized_device
NVIDIA H200,bfloat16,1,256,1,guard/warp,4,1.5060000121593475,0.0,True,16,10,graph_amortized_device
NVIDIA H200,bfloat16,1,256,1,guard/mma_split,4,2.5030000135302544,0.0,True,16,10,graph_amortized_device
NVIDIA H200,bfloat16,128,256,0,dao,0,1.6718000173568726,0.0,True,16,10,graph_amortized_device
NVIDIA H200,bfloat16,128,256,0,dao_plus_quant,0,3.2076001167297363,,True,16,10,graph_amortized_device
NVIDIA H200,bfloat16,128,256,0,guard/warp,0,1.580199971795082,0.0,True,16,10,graph_amortized_device
NVIDIA H200,bfloat16,128,256,0,guard/mma_split,0,2.4181999266147614,0.0,True,16,10,graph_amortized_device
NVIDIA H200,bfloat16,128,256,0,dao,1,1.6729999333620071,0.0,True,16,10,graph_amortized_device
NVIDIA H200,bfloat16,128,256,0,guard/mma_split,1,2.4181999266147614,0.0,True,16,10,graph_amortized_device
NVIDIA H200,bfloat16,128,256,0,guard/warp,1,1.5804000198841095,0.0,True,16,10,graph_amortized_device
NVIDIA H200,bfloat16,128,256,0,dao_plus_quant,1,3.208399936556816,,True,16,10,graph_amortized_device
NVIDIA H200,bfloat16,128,256,0,guard/warp,2,1.583000086247921,0.0,True,16,10,graph_amortized_device
NVIDIA H200,bfloat16,128,256,0,guard/mma_split,2,2.4173999205231667,0.0,True,16,10,graph_amortized_device
NVIDIA H200,bfloat16,128,256,0,dao,2,1.6699999570846558,0.0,True,16,10,graph_amortized_device
NVIDIA H200,bfloat16,128,256,0,dao_plus_quant,2,3.2078001648187637,,True,16,10,graph_amortized_device
NVIDIA H200,bfloat16,128,256,0,guard/warp,3,1.5822000801563263,0.0,True,16,10,graph_amortized_device
NVIDIA H200,bfloat16,128,256,0,dao_plus_quant,3,3.2092001289129257,,True,16,10,graph_amortized_device
NVIDIA H200,bfloat16,128,256,0,dao,3,1.6729999333620071,0.0,True,16,10,graph_amortized_device
NVIDIA H200,bfloat16,128,256,0,guard/mma_split,3,2.41480004042387,0.0,True,16,10,graph_amortized_device
NVIDIA H200,bfloat16,128,256,0,dao,4,1.6882000491023064,0.0,True,16,10,graph_amortized_device
NVIDIA H200,bfloat16,128,256,0,dao_plus_quant,4,3.2085999846458435,,True,16,10,graph_amortized_device
NVIDIA H200,bfloat16,128,256,0,guard/warp,4,1.5798000618815422,0.0,True,16,10,graph_amortized_device
NVIDIA H200,bfloat16,128,256,0,guard/mma_split,4,2.4143999442458153,0.0,True,16,10,graph_amortized_device
NVIDIA H200,bfloat16,128,256,1,dao,0,1.7319999635219574,0.0,True,16,10,graph_amortized_device
NVIDIA H200,bfloat16,128,256,1,dao_plus_quant,0,3.212999925017357,,True,16,10,graph_amortized_device
NVIDIA H200,bfloat16,128,256,1,guard/warp,0,1.5766000375151634,0.0,True,16,10,graph_amortized_device
NVIDIA H200,bfloat16,128,256,1,guard/mma_split,0,2.5755999609827995,0.0,True,16,10,graph_amortized_device
NVIDIA H200,bfloat16,128,256,1,dao,1,1.734199933707714,0.0,True,16,10,graph_amortized_device
NVIDIA H200,bfloat16,128,256,1,guard/mma_split,1,2.5922000408172607,0.0,True,16,10,graph_amortized_device
NVIDIA H200,bfloat16,128,256,1,guard/warp,1,1.5761999413371086,0.0,True,16,10,graph_amortized_device
NVIDIA H200,bfloat16,128,256,1,dao_plus_quant,1,3.1801998615264893,,True,16,10,graph_amortized_device
NVIDIA H200,bfloat16,128,256,1,guard/warp,2,1.575399935245514,0.0,True,16,10,graph_amortized_device
NVIDIA H200,bfloat16,128,256,1,guard/mma_split,2,2.5936000049114227,0.0,True,16,10,graph_amortized_device
NVIDIA H200,bfloat16,128,256,1,dao,2,1.7325999215245247,0.0,True,16,10,graph_amortized_device
NVIDIA H200,bfloat16,128,256,1,dao_plus_quant,2,3.2127998769283295,,True,16,10,graph_amortized_device
NVIDIA H200,bfloat16,128,256,1,guard/warp,3,1.5747999772429466,0.0,True,16,10,graph_amortized_device
NVIDIA H200,bfloat16,128,256,1,dao_plus_quant,3,3.1798001378774643,,True,16,10,graph_amortized_device
NVIDIA H200,bfloat16,128,256,1,dao,3,1.735600084066391,0.0,True,16,10,graph_amortized_device
NVIDIA H200,bfloat16,128,256,1,guard/mma_split,3,2.5766000151634216,0.0,True,16,10,graph_amortized_device
NVIDIA H200,bfloat16,128,256,1,dao,4,1.733200065791607,0.0,True,16,10,graph_amortized_device
NVIDIA H200,bfloat16,128,256,1,dao_plus_quant,4,3.2131999731063843,,True,16,10,graph_amortized_device
NVIDIA H200,bfloat16,128,256,1,guard/warp,4,1.5780000016093254,0.0,True,16,10,graph_amortized_device
NVIDIA H200,bfloat16,128,256,1,guard/mma_split,4,2.5936000049114227,0.0,True,16,10,graph_amortized_device
NVIDIA H200,bfloat16,16384,256,0,dao,0,11.610200256109238,0.0,True,16,10,graph_amortized_device
NVIDIA H200,bfloat16,16384,256,0,dao_plus_quant,0,23.057599365711212,,True,16,10,graph_amortized_device
NVIDIA H200,bfloat16,16384,256,0,guard/warp,0,4.988199844956398,0.0,True,16,10,graph_amortized_device
NVIDIA H200,bfloat16,16384,256,0,guard/mma_split,0,11.556000262498856,0.0,True,16,10,graph_amortized_device
NVIDIA H200,bfloat16,16384,256,0,dao,1,11.620999872684479,0.0,True,16,10,graph_amortized_device
NVIDIA H200,bfloat16,16384,256,0,guard/mma_split,1,11.609599739313126,0.0,True,16,10,graph_amortized_device
NVIDIA H200,bfloat16,16384,256,0,guard/warp,1,4.954599961638451,0.0,True,16,10,graph_amortized_device
NVIDIA H200,bfloat16,16384,256,0,dao_plus_quant,1,23.057200014591217,,True,16,10,graph_amortized_device
NVIDIA H200,bfloat16,16384,256,0,guard/warp,2,4.989799857139587,0.0,True,16,10,graph_amortized_device
NVIDIA H200,bfloat16,16384,256,0,guard/mma_split,2,11.572200059890747,0.0,True,16,10,graph_amortized_device
NVIDIA H200,bfloat16,16384,256,0,dao,2,11.597000062465668,0.0,True,16,10,graph_amortized_device
NVIDIA H200,bfloat16,16384,256,0,dao_plus_quant,2,23.048600554466248,,True,16,10,graph_amortized_device
NVIDIA H200,bfloat16,16384,256,0,guard/warp,3,4.947400093078613,0.0,True,16,10,graph_amortized_device
NVIDIA H200,bfloat16,16384,256,0,dao_plus_quant,3,23.050600290298462,,True,16,10,graph_amortized_device
NVIDIA H200,bfloat16,16384,256,0,dao,3,11.6116002202034,0.0,True,16,10,graph_amortized_device
NVIDIA H200,bfloat16,16384,256,0,guard/mma_split,3,11.558400094509125,0.0,True,16,10,graph_amortized_device
NVIDIA H200,bfloat16,16384,256,0,dao,4,11.607199907302856,0.0,True,16,10,graph_amortized_device
NVIDIA H200,bfloat16,16384,256,0,dao_plus_quant,4,23.054200410842896,,True,16,10,graph_amortized_device
NVIDIA H200,bfloat16,16384,256,0,guard/warp,4,4.953199997544289,0.0,True,16,10,graph_amortized_device
NVIDIA H200,bfloat16,16384,256,0,guard/mma_split,4,11.574800312519073,0.0,True,16,10,graph_amortized_device
NVIDIA H200,bfloat16,16384,256,1,dao,0,11.500400304794312,0.0,True,16,10,graph_amortized_device
NVIDIA H200,bfloat16,16384,256,1,dao_plus_quant,0,22.90100008249283,,True,16,10,graph_amortized_device
NVIDIA H200,bfloat16,16384,256,1,guard/warp,0,5.137199908494949,0.0,True,16,10,graph_amortized_device
NVIDIA H200,bfloat16,16384,256,1,guard/mma_split,0,11.171799898147583,0.0009765625,True,16,10,graph_amortized_device
NVIDIA H200,bfloat16,16384,256,1,dao,1,11.4656001329422,0.0,True,16,10,graph_amortized_device
NVIDIA H200,bfloat16,16384,256,1,guard/mma_split,1,11.198599636554718,0.0009765625,True,16,10,graph_amortized_device
NVIDIA H200,bfloat16,16384,256,1,guard/warp,1,5.1872000098228455,0.0,True,16,10,graph_amortized_device
NVIDIA H200,bfloat16,16384,256,1,dao_plus_quant,1,22.948400676250458,,True,16,10,graph_amortized_device
NVIDIA H200,bfloat16,16384,256,1,guard/warp,2,5.136600136756897,0.0,True,16,10,graph_amortized_device
NVIDIA H200,bfloat16,16384,256,1,guard/mma_split,2,11.189600080251694,0.0009765625,True,16,10,graph_amortized_device
NVIDIA H200,bfloat16,16384,256,1,dao,2,11.466600000858307,0.0,True,16,10,graph_amortized_device
NVIDIA H200,bfloat16,16384,256,1,dao_plus_quant,2,22.918599843978882,,True,16,10,graph_amortized_device
NVIDIA H200,bfloat16,16384,256,1,guard/warp,3,5.138599872589111,0.0,True,16,10,graph_amortized_device
NVIDIA H200,bfloat16,16384,256,1,dao_plus_quant,3,22.943800687789917,,True,16,10,graph_amortized_device
NVIDIA H200,bfloat16,16384,256,1,dao,3,11.46719977259636,0.0,True,16,10,graph_amortized_device
NVIDIA H200,bfloat16,16384,256,1,guard/mma_split,3,11.170999705791473,0.0009765625,True,16,10,graph_amortized_device
NVIDIA H200,bfloat16,16384,256,1,dao,4,11.503800004720688,0.0,True,16,10,graph_amortized_device
NVIDIA H200,bfloat16,16384,256,1,dao_plus_quant,4,22.892600297927856,,True,16,10,graph_amortized_device
NVIDIA H200,bfloat16,16384,256,1,guard/warp,4,5.157599970698357,0.0,True,16,10,graph_amortized_device
NVIDIA H200,bfloat16,16384,256,1,guard/mma_split,4,11.197400093078613,0.0009765625,True,16,10,graph_amortized_device
NVIDIA H200,bfloat16,131072,256,0,dao,0,80.67319989204407,0.0,True,16,10,graph_amortized_device
NVIDIA H200,bfloat16,131072,256,0,dao_plus_quant,0,161.61919832229614,,True,16,10,graph_amortized_device
NVIDIA H200,bfloat16,131072,256,0,guard/warp,0,36.04179918766022,0.0,True,16,10,graph_amortized_device
NVIDIA H200,bfloat16,131072,256,0,guard/mma_split,0,76.44540071487427,0.0,True,16,10,graph_amortized_device
NVIDIA H200,bfloat16,131072,256,0,dao,1,80.62580227851868,0.0,True,16,10,graph_amortized_device
NVIDIA H200,bfloat16,131072,256,0,guard/mma_split,1,76.44400000572205,0.0,True,16,10,graph_amortized_device
NVIDIA H200,bfloat16,131072,256,0,guard/warp,1,36.032599210739136,0.0,True,16,10,graph_amortized_device
NVIDIA H200,bfloat16,131072,256,0,dao_plus_quant,1,161.77719831466675,,True,16,10,graph_amortized_device
NVIDIA H200,bfloat16,131072,256,0,guard/warp,2,36.04919910430908,0.0,True,16,10,graph_amortized_device
NVIDIA H200,bfloat16,131072,256,0,guard/mma_split,2,76.50520205497742,0.0,True,16,10,graph_amortized_device
NVIDIA H200,bfloat16,131072,256,0,dao,2,80.74139952659607,0.0,True,16,10,graph_amortized_device
NVIDIA H200,bfloat16,131072,256,0,dao_plus_quant,2,161.83359622955322,,True,16,10,graph_amortized_device
NVIDIA H200,bfloat16,131072,256,0,guard/warp,3,36.05459928512573,0.0,True,16,10,graph_amortized_device
NVIDIA H200,bfloat16,131072,256,0,dao_plus_quant,3,161.79959774017334,,True,16,10,graph_amortized_device
NVIDIA H200,bfloat16,131072,256,0,dao,3,80.73059916496277,0.0,True,16,10,graph_amortized_device
NVIDIA H200,bfloat16,131072,256,0,guard/mma_split,3,76.48720145225525,0.0,True,16,10,graph_amortized_device
NVIDIA H200,bfloat16,131072,256,0,dao,4,80.74399828910828,0.0,True,16,10,graph_amortized_device
NVIDIA H200,bfloat16,131072,256,0,dao_plus_quant,4,161.72399520874023,,True,16,10,graph_amortized_device
NVIDIA H200,bfloat16,131072,256,0,guard/warp,4,36.0944002866745,0.0,True,16,10,graph_amortized_device
NVIDIA H200,bfloat16,131072,256,0,guard/mma_split,4,76.55199766159058,0.0,True,16,10,graph_amortized_device
NVIDIA H200,bfloat16,131072,256,1,dao,0,80.66099882125854,0.0,True,16,10,graph_amortized_device
NVIDIA H200,bfloat16,131072,256,1,dao_plus_quant,0,161.5671992301941,,True,16,10,graph_amortized_device
NVIDIA H200,bfloat16,131072,256,1,guard/warp,0,37.26679980754852,0.0,True,16,10,graph_amortized_device
NVIDIA H200,bfloat16,131072,256,1,guard/mma_split,0,74.36860203742981,0.015625,True,16,10,graph_amortized_device
NVIDIA H200,bfloat16,131072,256,1,dao,1,80.65059781074524,0.0,True,16,10,graph_amortized_device
NVIDIA H200,bfloat16,131072,256,1,guard/mma_split,1,74.36320185661316,0.015625,True,16,10,graph_amortized_device
NVIDIA H200,bfloat16,131072,256,1,guard/warp,1,37.240999937057495,0.0,True,16,10,graph_amortized_device
NVIDIA H200,bfloat16,131072,256,1,dao_plus_quant,1,161.76480054855347,,True,16,10,graph_amortized_device
NVIDIA H200,bfloat16,131072,256,1,guard/warp,2,37.26640045642853,0.0,True,16,10,graph_amortized_device
NVIDIA H200,bfloat16,131072,256,1,guard/mma_split,2,74.3478000164032,0.015625,True,16,10,graph_amortized_device
NVIDIA H200,bfloat16,131072,256,1,dao,2,80.74120283126831,0.0,True,16,10,graph_amortized_device
NVIDIA H200,bfloat16,131072,256,1,dao_plus_quant,2,161.70860528945923,,True,16,10,graph_amortized_device
NVIDIA H200,bfloat16,131072,256,1,guard/warp,3,37.274399399757385,0.0,True,16,10,graph_amortized_device
NVIDIA H200,bfloat16,131072,256,1,dao_plus_quant,3,161.7550015449524,,True,16,10,graph_amortized_device
NVIDIA H200,bfloat16,131072,256,1,dao,3,80.74740171432495,0.0,True,16,10,graph_amortized_device
NVIDIA H200,bfloat16,131072,256,1,guard/mma_split,3,74.42399859428406,0.015625,True,16,10,graph_amortized_device
NVIDIA H200,bfloat16,131072,256,1,dao,4,80.73760271072388,0.0,True,16,10,graph_amortized_device
NVIDIA H200,bfloat16,131072,256,1,dao_plus_quant,4,161.75719499588013,,True,16,10,graph_amortized_device
NVIDIA H200,bfloat16,131072,256,1,guard/warp,4,37.22819983959198,0.0,True,16,10,graph_amortized_device
NVIDIA H200,bfloat16,131072,256,1,guard/mma_split,4,74.31660294532776,0.015625,True,16,10,graph_amortized_device
